customer_id,total_orders,total_paid,avg_payment_per_order
7950,5,2060.7799999999997,412.16
6567,3,2000.67,666.89
6050,2,1972.3,986.15
8795,4,1874.5100000000002,468.63
6006,5,1680.5299999999997,336.11
7520,2,1646.67,823.34
8354,4,1630.0299999999997,407.51
9808,3,1619.26,539.75
2833,3,1608.57,536.19
5230,2,1571.2200000000003,785.61
2359,3,1565.66,521.89
9602,2,1527.25,763.63
5466,3,1518.03,506.01
4387,3,1465.62,488.54
9518,2,1463.04,731.52
7989,3,1456.3700000000001,485.46
9955,5,1426.37,285.27
2217,1,1385.16,1385.16
8308,3,1367.11,455.7
4089,3,1350.6100000000001,450.2
1070,3,1326.23,442.08
4360,2,1314.28,657.14
4955,4,1311.7700000000002,327.94
2661,2,1304.39,652.2
1050,2,1302.7,651.35
7308,3,1293.8,431.27
1155,2,1286.48,643.24
2552,1,1276.97,1276.97
9222,3,1264.54,421.51
5713,3,1258.79,419.6
6466,2,1254.86,627.43
6633,2,1254.79,627.4
2388,3,1249.19,416.4
3430,2,1246.88,623.44
3038,2,1244.15,622.08
4102,2,1242.1399999999999,621.07
2482,2,1237.17,618.59
5051,3,1230.6100000000001,410.2
1894,2,1227.2700000000002,613.64
9871,3,1225.0900000000001,408.36
5959,3,1206.06,402.02
3378,2,1205.29,602.65
8008,2,1203.47,601.74
9246,4,1200.8899999999999,300.22
6861,2,1193.98,596.99
3249,3,1190.9199999999998,396.97
2633,3,1178.21,392.74
5498,3,1172.22,390.74
7932,3,1169.93,389.98
4524,2,1165.3000000000002,582.65
4772,1,1161.73,1161.73
4922,2,1157.92,578.96
3591,1,1151.51,1151.51
5253,3,1151.1999999999998,383.73
7484,3,1140.33,380.11
4688,2,1136.89,568.45
6657,2,1126.76,563.38
1106,2,1118.4099999999999,559.21
6326,2,1115.97,557.99
2262,3,1109.44,369.81
5018,2,1108.35,554.18
6419,2,1105.8899999999999,552.95
9543,3,1096.83,365.61
8318,1,1096.62,1096.62
7221,2,1096.5900000000001,548.3
2094,2,1096.1499999999999,548.08
6712,3,1095.6799999999998,365.23
4987,2,1093.82,546.91
9317,2,1087.77,543.89
2465,2,1083.7,541.85
6535,3,1083.35,361.12
9827,3,1074.66,358.22
9230,2,1074.6,537.3
4602,1,1070.45,1070.45
5127,2,1070.35,535.18
3007,3,1062.23,354.08
4700,3,1062.1,354.03
8031,2,1061.29,530.65
4787,2,1058.1000000000001,529.05
8273,3,1058.0600000000002,352.69
4307,1,1057.53,1057.53
2737,3,1057.39,352.46
5837,3,1035.75,345.25
8425,3,1030.38,343.46
2689,2,1030.33,515.17
4414,3,1022.9599999999999,340.99
4791,3,1022.89,340.96
7909,2,1014.99,507.5
1423,2,1002.8,501.4
8231,3,1002.56,334.19
2156,2,995.98,497.99
2267,3,994.2,331.4
4715,1,989.98,989.98
3768,1,989.84,989.84
4566,1,988.7099999999999,988.71
9119,2,974.0,487.0
8761,1,971.5899999999999,971.59
2674,3,970.3700000000001,323.46
5544,2,967.12,483.56
9057,2,966.96,483.48
8331,2,966.75,483.38
6896,2,964.0,482.0
3319,2,960.95,480.48
2206,2,957.3599999999999,478.68
5885,2,957.25,478.63
2641,2,956.02,478.01
9848,1,954.9100000000001,954.91
6379,2,953.0799999999999,476.54
6410,1,948.82,948.82
3072,3,947.96,315.99
1477,2,947.89,473.95
4402,3,946.47,315.49
1794,3,945.2499999999999,315.08
6347,1,942.73,942.73
8973,2,940.7,470.35
9147,2,939.92,469.96
7716,2,937.47,468.74
2196,2,935.02,467.51
8342,2,932.5799999999999,466.29
6383,3,931.97,310.66
8594,2,929.33,464.67
5923,2,928.52,464.26
5828,2,926.78,463.39
8658,2,926.28,463.14
4757,2,925.0300000000001,462.52
5747,2,924.25,462.13
5661,2,919.72,459.86
7917,2,918.8900000000001,459.45
7372,1,917.9100000000001,917.91
6045,2,917.14,458.57
2940,3,916.12,305.37
9140,1,911.74,911.74
2169,1,910.75,910.75
2323,2,910.6999999999999,455.35
2376,2,909.94,454.97
9376,3,909.6200000000001,303.21
9899,1,908.82,908.82
1798,2,907.6699999999998,453.84
3525,2,907.27,453.64
3974,1,906.97,906.97
1200,2,900.0699999999999,450.04
3713,2,899.8499999999999,449.93
5330,2,896.9,448.45
1405,3,895.94,298.65
8357,1,894.3800000000001,894.38
1536,2,890.8299999999999,445.42
9016,2,889.45,444.73
3158,2,888.21,444.11
1119,3,888.01,296.0
7294,2,887.77,443.89
8085,2,885.46,442.73
9381,2,884.9300000000001,442.47
1543,5,884.91,176.98
3414,3,882.53,294.18
1785,2,881.4200000000001,440.71
3025,3,880.57,293.52
9015,1,877.99,877.99
6406,2,875.29,437.65
3826,3,874.3599999999999,291.45
7997,2,872.88,436.44
7445,2,872.21,436.11
9810,2,870.8,435.4
6937,2,870.1400000000001,435.07
6597,2,868.8299999999999,434.42
9469,1,868.34,868.34
7611,1,866.62,866.62
3381,2,864.29,432.15
8679,2,863.45,431.73
9059,2,863.01,431.51
6530,2,862.81,431.41
2727,1,862.15,862.15
5783,1,861.5899999999999,861.59
7619,1,861.28,861.28
5702,2,858.0600000000001,429.03
5764,1,856.98,856.98
5243,2,856.77,428.39
6818,3,856.07,285.36
7159,1,855.02,855.02
8591,1,853.4300000000001,853.43
6334,1,853.16,853.16
4192,2,853.0799999999999,426.54
5956,2,852.5799999999999,426.29
7208,3,852.3499999999999,284.12
8773,2,850.06,425.03
3947,3,849.6500000000001,283.22
9664,1,849.47,849.47
8144,2,848.71,424.36
5107,2,847.85,423.93
1431,2,846.87,423.44
8472,2,845.33,422.67
4957,3,844.62,281.54
2354,2,841.3,420.65
1118,3,840.46,280.15
2062,1,840.26,840.26
7691,3,839.8100000000001,279.94
7815,2,839.6700000000001,419.84
9499,2,837.3199999999999,418.66
9691,2,835.25,417.63
1803,2,835.21,417.61
8825,2,834.89,417.45
9064,2,833.28,416.64
6295,1,831.15,831.15
9195,2,831.12,415.56
4797,2,830.27,415.14
2339,1,830.19,830.19
3690,2,829.87,414.94
4187,1,828.15,828.15
6269,2,827.86,413.93
9314,2,827.85,413.93
8437,2,827.56,413.78
4971,1,827.4300000000001,827.43
9564,4,826.87,206.72
6787,3,826.29,275.43
5467,2,825.72,412.86
8877,2,825.53,412.77
4811,2,824.11,412.06
5072,3,823.6800000000001,274.56
3383,2,823.5699999999999,411.79
1908,1,822.16,822.16
1440,2,821.76,410.88
1645,2,820.8,410.4
1860,2,820.41,410.21
9245,2,819.99,410.0
8326,1,818.5799999999999,818.58
2724,2,817.6399999999999,408.82
5405,2,816.63,408.32
3069,2,815.94,407.97
6343,1,814.81,814.81
1226,1,813.0999999999999,813.1
7725,1,812.37,812.37
3286,2,811.45,405.73
9536,2,811.3399999999999,405.67
3622,1,811.05,811.05
8540,4,810.6800000000001,202.67
9032,2,810.0699999999999,405.04
6266,1,809.9300000000001,809.93
5033,2,809.65,404.83
4010,2,809.0999999999999,404.55
4016,3,808.6600000000001,269.55
1567,1,806.12,806.12
6310,1,804.9000000000001,804.9
6848,2,804.04,402.02
1208,1,803.4000000000001,803.4
4350,1,799.81,799.81
6011,2,797.46,398.73
9370,2,796.0,398.0
2866,2,795.8,397.9
7850,1,794.8299999999999,794.83
5413,2,792.58,396.29
1881,2,792.46,396.23
4810,1,792.45,792.45
2142,2,790.73,395.37
4657,2,789.16,394.58
4014,3,789.11,263.04
4055,2,788.96,394.48
5400,2,788.6600000000001,394.33
5408,1,786.87,786.87
8486,2,786.5799999999999,393.29
7396,2,785.21,392.61
2160,1,785.1,785.1
1194,2,785.09,392.55
9801,2,779.0899999999999,389.55
1395,1,777.36,777.36
5356,1,777.3499999999999,777.35
2189,1,775.6700000000001,775.67
5545,2,775.24,387.62
4523,1,774.7,774.7
3404,2,774.36,387.18
7279,2,773.9899999999999,387.0
1946,1,772.6800000000001,772.68
3444,2,771.37,385.69
6926,2,770.58,385.29
8707,2,770.27,385.14
2210,2,770.1400000000001,385.07
9483,1,766.3299999999999,766.33
7211,1,764.9,764.9
3416,2,763.99,382.0
2634,1,763.64,763.64
1432,1,763.3399999999999,763.34
2527,2,762.31,381.16
4690,1,761.9,761.9
7929,2,761.89,380.95
1782,1,761.11,761.11
5419,2,760.8699999999999,380.44
6941,1,758.9200000000001,758.92
3371,2,757.3999999999999,378.7
6760,1,756.8900000000001,756.89
2343,2,755.98,377.99
6802,2,754.49,377.25
6582,2,753.98,376.99
8014,2,753.8199999999999,376.91
4452,1,753.0899999999999,753.09
7398,2,751.91,375.96
3209,1,751.45,751.45
8235,1,750.75,750.75
8304,1,749.9100000000001,749.91
9115,2,747.91,373.96
5252,2,747.06,373.53
9607,2,746.75,373.38
1130,1,746.3499999999999,746.35
2336,2,746.0799999999999,373.04
1829,1,745.04,745.04
4369,1,744.26,744.26
4734,1,743.8900000000001,743.89
3732,1,743.5699999999999,743.57
5913,1,741.73,741.73
5748,3,739.88,246.63
6578,1,739.73,739.73
7253,1,737.8499999999999,737.85
7801,2,736.75,368.38
3111,1,733.1300000000001,733.13
1700,2,730.98,365.49
2659,2,730.76,365.38
4163,2,729.8499999999999,364.93
1349,2,728.94,364.47
4832,1,728.86,728.86
5006,2,728.79,364.4
5047,2,728.6800000000001,364.34
8622,1,727.62,727.62
4338,1,726.8199999999999,726.82
9109,1,725.47,725.47
3336,2,725.0799999999999,362.54
7126,3,725.04,241.68
1202,2,723.7,361.85
1709,1,723.12,723.12
5425,2,722.3299999999999,361.17
8074,4,720.17,180.04
7314,2,720.0699999999999,360.04
2540,1,719.39,719.39
4960,1,717.37,717.37
2841,2,717.27,358.64
1631,1,717.24,717.24
8715,2,717.1999999999999,358.6
3848,1,716.41,716.41
7658,2,715.98,357.99
4613,2,714.24,357.12
4427,2,713.9300000000001,356.97
1600,2,712.99,356.5
5597,2,712.88,356.44
3255,2,712.81,356.41
8921,2,711.45,355.73
7492,1,711.39,711.39
6243,2,710.85,355.43
1132,2,710.54,355.27
7744,1,710.4300000000001,710.43
3982,1,709.8,709.8
1393,3,709.79,236.6
3948,2,709.29,354.65
8935,2,708.74,354.37
3150,2,708.06,354.03
5519,2,707.81,353.91
9723,1,705.24,705.24
7049,2,704.36,352.18
3437,1,703.28,703.28
8770,2,702.93,351.47
3905,1,702.3399999999999,702.34
9694,1,702.04,702.04
6314,2,701.62,350.81
3784,2,701.1700000000001,350.59
7823,1,701.03,701.03
5718,2,700.35,350.18
3362,1,700.1800000000001,700.18
3953,1,698.59,698.59
4004,3,697.96,232.65
3104,1,696.37,696.37
9919,3,695.26,231.75
2563,1,694.25,694.25
8397,2,693.4,346.7
4119,1,692.66,692.66
5896,3,692.22,230.74
1340,2,692.01,346.01
4463,1,690.54,690.54
5987,3,690.22,230.07
7951,2,689.9200000000001,344.96
8816,2,687.64,343.82
2544,2,687.61,343.81
8820,2,687.1,343.55
7830,1,686.37,686.37
6853,2,685.9,342.95
7819,2,685.77,342.89
1133,1,684.73,684.73
8942,1,683.5699999999999,683.57
3472,1,682.6600000000001,682.66
9614,1,682.36,682.36
6421,1,681.49,681.49
8052,3,681.4000000000001,227.13
2698,1,681.15,681.15
5280,2,680.45,340.23
5151,3,680.3900000000001,226.8
6477,2,678.55,339.28
5308,2,678.35,339.18
2270,2,677.9300000000001,338.97
1227,2,676.74,338.37
4961,1,675.55,675.55
8282,2,674.9599999999999,337.48
3572,2,673.72,336.86
3612,2,673.34,336.67
8443,2,673.0699999999999,336.54
2511,1,672.88,672.88
9243,1,672.5799999999999,672.58
1633,1,670.64,670.64
8057,1,669.37,669.37
8645,1,668.18,668.18
2470,1,667.94,667.94
8119,2,667.8299999999999,333.92
7952,1,666.77,666.77
2119,1,665.45,665.45
7371,2,665.12,332.56
9396,1,664.87,664.87
8259,2,664.4200000000001,332.21
1562,2,663.4000000000001,331.7
7275,2,663.28,331.64
7250,1,662.8199999999999,662.82
7877,1,659.23,659.23
1595,1,658.55,658.55
8708,1,657.48,657.48
3602,2,655.65,327.83
6215,2,654.1700000000001,327.09
2546,2,653.9399999999999,326.97
9426,1,653.49,653.49
1711,2,651.61,325.81
4078,1,650.62,650.62
4801,2,649.78,324.89
9209,2,649.37,324.69
3832,1,648.4000000000001,648.4
9892,1,647.99,647.99
3415,2,647.87,323.94
3660,1,647.73,647.73
1232,2,646.01,323.01
7969,1,645.4300000000001,645.43
6992,2,643.08,321.54
2083,2,642.5899999999999,321.3
9804,2,639.65,319.83
6581,2,639.62,319.81
3938,2,638.81,319.41
5287,2,637.77,318.89
9947,1,637.75,637.75
9476,2,637.3100000000001,318.66
1262,1,636.5699999999999,636.57
8711,2,635.8399999999999,317.92
5456,1,635.48,635.48
5895,3,635.41,211.8
9912,2,634.99,317.5
2446,2,634.0999999999999,317.05
4186,1,633.9300000000001,633.93
4581,2,633.51,316.76
9315,2,632.65,316.33
7322,2,632.3399999999999,316.17
8272,1,631.55,631.55
4204,2,630.21,315.11
7388,1,630.15,630.15
7366,2,630.0699999999999,315.04
8116,1,629.01,629.01
7292,2,628.23,314.12
4426,2,628.2,314.1
5015,2,627.8,313.9
3005,1,627.59,627.59
1752,1,627.59,627.59
9818,2,626.81,313.41
6441,1,626.24,626.24
7412,2,626.1800000000001,313.09
6646,2,625.8399999999999,312.92
7125,2,625.6800000000001,312.84
3352,2,625.26,312.63
9448,1,625.1700000000001,625.17
4065,1,624.56,624.56
8979,2,624.47,312.24
9427,2,623.45,311.73
9631,2,623.4,311.7
8246,2,623.21,311.61
6328,2,623.13,311.57
5539,2,623.08,311.54
5386,1,622.89,622.89
7438,1,621.77,621.77
9340,1,620.84,620.84
5441,2,620.1,310.05
6742,2,619.5600000000001,309.78
9039,1,617.51,617.51
2970,3,617.31,205.77
6003,1,613.92,613.92
4809,1,613.6899999999999,613.69
5680,2,613.6,306.8
3222,2,613.51,306.76
8260,2,612.4399999999999,306.22
9433,2,612.38,306.19
9313,1,611.64,611.64
5960,2,611.3,305.65
3303,1,611.02,611.02
9743,2,610.52,305.26
3562,1,609.8199999999999,609.82
4652,1,609.6899999999999,609.69
4695,2,608.26,304.13
8509,2,607.71,303.86
3068,3,607.6800000000001,202.56
4250,2,607.59,303.8
5136,1,607.12,607.12
9290,3,606.84,202.28
6222,1,606.63,606.63
2616,2,605.99,303.0
7071,2,605.32,302.66
8324,2,605.1700000000001,302.59
3627,2,605.0899999999999,302.55
4190,2,604.85,302.43
7280,2,603.75,301.88
7539,2,603.65,301.83
6613,2,603.58,301.79
8538,2,603.4200000000001,301.71
5636,2,602.79,301.4
7513,2,602.4399999999999,301.22
3738,1,602.07,602.07
2445,2,601.12,300.56
5247,2,600.8499999999999,300.43
7848,2,600.06,300.03
7598,2,599.8199999999999,299.91
2324,1,599.8,599.8
9177,3,598.92,199.64
2463,2,597.71,298.86
7800,2,597.16,298.58
8785,2,597.07,298.54
6071,2,596.5699999999999,298.29
1010,2,596.4300000000001,298.22
9668,2,596.05,298.03
7790,2,594.68,297.34
9128,2,594.1800000000001,297.09
9068,2,592.26,296.13
7269,1,592.24,592.24
1025,1,592.0500000000001,592.05
9328,2,591.55,295.78
2687,2,591.37,295.69
9847,1,589.91,589.91
8359,2,589.42,294.71
7283,2,589.1700000000001,294.59
7627,3,588.9300000000001,196.31
3086,1,587.51,587.51
5009,2,587.26,293.63
2941,2,585.27,292.64
4272,2,583.58,291.79
1626,1,583.3199999999999,583.32
3089,2,583.13,291.57
1942,3,582.98,194.33
3903,1,582.9300000000001,582.93
9979,2,581.04,290.52
1756,2,579.45,289.73
1996,1,578.83,578.83
4471,2,578.09,289.05
3187,3,577.92,192.64
1797,2,577.1800000000001,288.59
3527,2,577.05,288.53
4221,2,575.96,287.98
9529,2,575.46,287.73
2973,2,575.29,287.65
3601,2,575.23,287.62
8616,1,575.1800000000001,575.18
9970,2,575.07,287.54
1213,2,574.24,287.12
1104,2,573.78,286.89
6810,2,573.46,286.73
2309,2,572.31,286.16
8399,1,571.79,571.79
2640,2,571.65,285.83
6214,2,571.53,285.77
7552,1,570.84,570.84
5431,2,570.75,285.38
6823,1,569.51,569.51
6691,2,569.15,284.58
1550,2,568.26,284.13
9730,2,568.14,284.07
1105,2,567.91,283.96
3528,1,567.73,567.73
8096,2,567.51,283.76
5954,1,566.92,566.92
1312,1,566.7,566.7
5841,1,564.75,564.75
8932,1,564.46,564.46
9033,2,564.29,282.15
5595,1,564.27,564.27
5739,2,561.6,280.8
6009,1,561.55,561.55
9709,2,560.85,280.43
5947,3,560.7900000000001,186.93
5119,2,560.79,280.4
1745,1,560.78,560.78
9509,2,560.3299999999999,280.17
7542,1,559.19,559.19
3558,1,558.6800000000001,558.68
2133,2,558.5899999999999,279.3
7326,2,557.8199999999999,278.91
5264,2,556.91,278.46
6980,1,555.25,555.25
3328,2,554.78,277.39
1869,2,554.4,277.2
2889,2,553.48,276.74
1513,2,553.25,276.63
5562,1,552.63,552.63
7521,3,551.98,183.99
4843,1,550.73,550.73
4507,1,550.7,550.7
5966,1,549.59,549.59
5745,2,549.5400000000001,274.77
8239,2,549.11,274.56
5270,1,549.1,549.1
1091,2,548.37,274.19
7305,1,548.0,548.0
4646,1,547.88,547.88
1137,2,547.3,273.65
3731,2,547.24,273.62
8200,1,546.77,546.77
2827,2,546.29,273.15
1372,1,545.99,545.99
2780,1,545.84,545.84
8431,2,545.62,272.81
8364,1,545.08,545.08
6473,1,544.78,544.78
8781,1,544.24,544.24
1333,2,543.3100000000001,271.66
9272,1,543.29,543.29
4145,2,543.15,271.58
8218,1,542.8,542.8
6588,1,542.64,542.64
4170,1,542.59,542.59
5865,2,541.1899999999999,270.6
9143,2,541.12,270.56
4291,1,541.04,541.04
3193,1,541.03,541.03
9189,2,540.71,270.36
6435,1,538.78,538.78
9533,2,538.66,269.33
6536,2,538.39,269.2
6972,1,537.94,537.94
8474,2,537.79,268.9
8319,2,537.72,268.86
1818,1,537.54,537.54
4049,1,537.3,537.3
8744,1,537.24,537.24
2826,1,536.77,536.77
1383,2,536.56,268.28
7799,2,536.26,268.13
5758,2,536.2,268.1
7843,2,534.23,267.12
4432,2,534.0,267.0
6395,2,533.77,266.89
7268,2,533.25,266.63
8350,2,532.4100000000001,266.21
1244,2,532.1,266.05
4649,2,531.3,265.65
8774,2,531.27,265.64
8023,1,530.9399999999999,530.94
3583,3,530.11,176.7
3990,2,529.58,264.79
4087,2,527.22,263.61
7581,2,527.19,263.6
3604,2,526.6,263.3
1256,2,526.22,263.11
1323,1,525.34,525.34
6463,1,525.31,525.31
2183,1,524.55,524.55
7904,2,524.48,262.24
3456,3,524.28,174.76
1716,2,523.86,261.93
4120,2,522.37,261.19
1093,2,521.4200000000001,260.71
4621,1,521.26,521.26
4458,1,520.88,520.88
9283,2,520.8199999999999,260.41
1157,2,520.81,260.41
7769,2,520.59,260.3
6867,2,519.87,259.94
3348,2,519.59,259.8
9929,2,519.4300000000001,259.72
1620,1,519.33,519.33
3779,2,518.4300000000001,259.22
2039,1,517.29,517.29
6521,2,517.13,258.57
1725,2,516.9100000000001,258.46
8914,1,516.6800000000001,516.68
7841,2,515.72,257.86
2694,2,515.5,257.75
7918,2,514.53,257.27
9206,1,514.33,514.33
3481,1,514.14,514.14
9422,2,513.52,256.76
3446,2,512.77,256.39
9666,2,511.6799999999999,255.84
7051,1,511.64,511.64
5088,1,511.31,511.31
8240,2,510.92999999999995,255.47
4451,2,510.92,255.46
5159,1,510.63000000000005,510.63
3862,2,510.56,255.28
7570,1,510.39,510.39
4661,1,509.67,509.67
7427,1,507.85,507.85
5529,1,507.62,507.62
1560,2,507.47,253.74
1982,2,507.09,253.55
1712,2,507.08000000000004,253.54
7187,2,506.75,253.38
7958,2,506.37,253.19
7557,2,505.52,252.76
8276,1,505.35,505.35
2914,2,504.70000000000005,252.35
4808,1,504.47,504.47
4850,2,503.62,251.81
7807,2,503.44000000000005,251.72
6286,2,503.4,251.7
9927,1,502.38,502.38
6279,2,502.06000000000006,251.03
1983,2,502.02,251.01
6701,2,501.88,250.94
5760,2,501.59,250.8
7119,2,501.36,250.68
3239,1,501.12,501.12
7099,2,500.79,250.4
9956,2,500.69000000000005,250.35
9735,2,500.33,250.17
1491,2,500.06,250.03
3234,2,500.03000000000003,250.02
7798,1,499.98,499.98
7582,1,499.86,499.86
6999,1,499.75,499.75
1768,1,499.74,499.74
6610,1,499.7,499.7
6444,1,499.65,499.65
9182,1,499.48,499.48
8228,1,499.47,499.47
9329,1,499.22,499.22
7029,2,499.03,249.52
8469,1,498.97,498.97
5874,2,498.83,249.42
7258,1,498.63,498.63
1630,1,498.54,498.54
5098,1,498.37,498.37
2746,1,498.26,498.26
7763,1,498.11,498.11
1138,1,498.03000000000003,498.03
6301,1,497.93,497.93
5370,2,497.52000000000004,248.76
5080,1,497.52,497.52
9893,1,497.2,497.2
2604,1,497.1,497.1
8936,2,496.81,248.41
5533,2,496.69,248.35
3118,1,496.67,496.67
5622,1,496.6,496.6
9056,1,496.45,496.45
4022,1,495.94,495.94
2421,1,495.81,495.81
8873,1,495.7,495.7
9850,1,495.65,495.65
2929,1,495.44,495.44
1085,2,495.4,247.7
9390,1,495.36,495.36
7930,1,495.3,495.3
6625,3,495.18,165.06
6569,2,495.08000000000004,247.54
7511,1,495.04,495.04
8849,1,495.01,495.01
8675,1,494.82,494.82
3289,1,494.73,494.73
1859,1,494.71,494.71
2029,1,494.68,494.68
5731,1,494.13,494.13
8846,2,494.11,247.06
6510,1,493.82,493.82
3735,2,493.49,246.75
8542,1,493.35,493.35
6811,1,493.34,493.34
6658,2,493.28,246.64
6427,1,493.19,493.19
5422,1,492.78999999999996,492.79
6540,1,492.75,492.75
6486,2,492.71,246.36
8536,1,492.69,492.69
5934,2,492.63,246.32
6935,1,492.57,492.57
3621,1,492.31,492.31
1322,2,492.18,246.09
7652,1,492.15,492.15
9127,1,492.1,492.1
3364,1,491.91,491.91
6997,2,491.88,245.94
8804,2,491.51,245.76
8652,1,491.22,491.22
9102,2,491.15,245.58
9820,1,491.14,491.14
3359,1,490.77,490.77
3298,1,490.62,490.62
5147,1,490.56,490.56
8736,1,490.21,490.21
3971,1,490.2,490.2
6150,2,490.19,245.1
9074,1,490.07,490.07
9826,1,489.82,489.82
5461,1,489.74,489.74
7116,1,489.62,489.62
1375,2,489.5,244.75
5789,1,489.34,489.34
1686,1,489.33,489.33
4127,1,489.3,489.3
2629,1,489.27,489.27
5421,1,489.12,489.12
7549,1,489.08,489.08
1717,1,489.0,489.0
9882,1,488.73,488.73
3384,1,488.67,488.67
2976,1,488.54,488.54
9766,1,488.51,488.51
1824,1,488.23,488.23
2804,2,488.13,244.07
5036,1,487.74,487.74
4257,1,487.71000000000004,487.71
2742,1,487.68,487.68
2579,1,487.48,487.48
8086,2,487.15000000000003,243.58
2574,2,486.90999999999997,243.46
2330,1,486.89,486.89
6860,1,486.75,486.75
7468,1,486.71,486.71
3440,1,486.68,486.68
7114,1,486.6,486.6
7668,2,486.52,243.26
2377,1,486.41,486.41
7447,2,486.19,243.1
9541,1,486.15,486.15
1612,1,486.05999999999995,486.06
1981,1,486.02,486.02
2479,1,485.96,485.96
6146,1,485.9,485.9
7911,2,485.74,242.87
2362,1,485.59,485.59
9900,1,485.34,485.34
2734,1,485.01,485.01
7768,1,484.89,484.89
4073,1,484.72,484.72
9526,1,484.55,484.55
9688,1,484.49,484.49
9652,1,484.46,484.46
4333,1,484.14000000000004,484.14
4079,1,484.12,484.12
6283,1,484.11,484.11
9348,1,483.71,483.71
3844,1,483.65,483.65
2406,1,483.49,483.49
7464,1,483.46,483.46
2226,1,483.39,483.39
9473,1,483.26,483.26
7223,1,482.92,482.92
7730,1,482.91,482.91
3480,2,482.52,241.26
3699,1,482.29,482.29
8230,1,482.24,482.24
4779,1,482.22,482.22
5418,1,482.11,482.11
1168,2,482.1,241.05
5944,1,481.61,481.61
5721,1,481.29,481.29
5182,1,481.1,481.1
6471,1,481.09,481.09
1917,1,480.66,480.66
1614,2,480.48,240.24
2870,1,480.42,480.42
3907,1,480.19,480.19
2792,1,480.06,480.06
2425,2,479.92999999999995,239.97
5104,1,479.81,479.81
4085,2,479.63,239.82
3229,1,479.25,479.25
2551,1,479.23,479.23
7225,2,479.15000000000003,239.58
9196,1,478.74,478.74
9949,1,478.62,478.62
1501,1,478.52,478.52
5318,1,478.33,478.33
9176,1,478.07,478.07
8913,1,477.59,477.59
4741,1,477.46,477.46
2243,1,477.42,477.42
6017,1,477.31,477.31
5496,1,477.2,477.2
8178,1,477.12,477.12
3354,1,477.06,477.06
6087,1,476.98,476.98
7714,1,476.85,476.85
2298,1,476.29,476.29
4738,1,475.48,475.48
8159,1,475.23,475.23
8716,1,475.15,475.15
3509,2,474.86,237.43
3872,1,474.74,474.74
8419,1,474.53,474.53
7395,1,474.36,474.36
6682,1,474.36,474.36
3117,1,474.35,474.35
6837,1,474.33,474.33
3120,2,473.93999999999994,236.97
8766,1,473.93,473.93
5879,1,473.87,473.87
9451,1,473.71,473.71
8878,2,473.31,236.66
6023,1,473.29,473.29
4963,1,473.23,473.23
6734,1,472.58,472.58
6594,1,472.37,472.37
4251,1,472.26,472.26
4514,1,472.08,472.08
5656,2,471.87,235.94
1046,1,471.67,471.67
2999,2,471.32,235.66
3198,1,470.86,470.86
3575,1,470.68,470.68
9408,1,470.23,470.23
9011,2,470.2,235.1
6475,1,470.13,470.13
6545,1,469.74,469.74
8403,2,469.69,234.85
8737,1,469.46,469.46
2709,1,469.3,469.3
9911,1,469.28,469.28
9023,1,469.19,469.19
9788,2,469.03,234.52
1388,2,468.96,234.48
4586,1,468.59000000000003,468.59
1144,2,468.42,234.21
2391,1,468.21,468.21
9770,1,468.14,468.14
1063,2,468.05,234.03
9436,2,467.96,233.98
4982,1,467.8,467.8
6186,1,467.6,467.6
5140,2,467.55999999999995,233.78
3776,1,467.42,467.42
1888,1,467.2,467.2
2770,1,467.16,467.16
6924,1,467.14,467.14
5435,1,467.03999999999996,467.04
1217,2,466.99,233.5
6327,1,466.90999999999997,466.91
1962,1,466.7,466.7
6198,1,466.65,466.65
8610,1,466.61,466.61
3868,1,466.6,466.6
4447,1,466.43,466.43
8598,1,466.34,466.34
1963,1,466.32,466.32
6188,1,466.3,466.3
1100,1,466.2,466.2
8710,1,466.19,466.19
5563,1,466.15000000000003,466.15
7389,1,466.13,466.13
8018,1,466.06,466.06
6493,2,465.99,233.0
1114,2,465.64,232.82
3674,1,465.18,465.18
7261,1,465.06,465.06
4483,1,464.38,464.38
9151,1,464.19000000000005,464.19
8722,1,464.1,464.1
1185,1,464.03,464.03
5883,1,463.76,463.76
1459,1,463.64,463.64
9197,1,463.51,463.51
9686,1,463.46,463.46
5017,1,463.4,463.4
6225,1,463.37,463.37
5486,2,463.25,231.63
5765,1,463.18,463.18
1420,1,462.36,462.36
5412,1,462.3,462.3
5638,1,461.75,461.75
2329,3,461.57000000000005,153.86
2150,1,461.57,461.57
7494,1,461.48,461.48
8836,2,461.46000000000004,230.73
5322,1,461.44,461.44
9964,2,461.22999999999996,230.62
5586,2,461.12,230.56
4358,1,461.1,461.1
6842,1,460.96,460.96
5081,1,460.88,460.88
6593,1,460.86,460.86
4694,1,460.49,460.49
3004,1,460.25,460.25
6000,1,460.23,460.23
7299,1,459.97,459.97
2931,1,459.8,459.8
3557,1,459.73,459.73
2424,1,459.68,459.68
1578,1,459.35,459.35
4410,1,459.28,459.28
5641,3,459.24,153.08
6652,1,459.16,459.16
9322,2,459.14000000000004,229.57
4401,1,459.08,459.08
3412,1,458.3,458.3
1556,1,458.24,458.24
8776,2,458.2,229.1
4678,1,458.12,458.12
6775,1,458.1,458.1
5320,1,457.91,457.91
2506,2,457.87,228.94
2618,1,457.63,457.63
7685,1,457.23,457.23
5808,1,457.06,457.06
4115,1,456.76,456.76
6492,1,456.7,456.7
6398,1,456.54,456.54
6504,1,456.45,456.45
2017,1,456.12,456.12
4511,1,456.0,456.0
6641,1,455.87,455.87
9637,1,455.82,455.82
8434,1,455.77,455.77
2287,1,455.7,455.7
2431,1,455.66,455.66
3002,1,455.54,455.54
3993,2,455.46,227.73
7566,1,455.37,455.37
7999,1,455.14,455.14
5550,2,454.71,227.36
7166,1,454.02,454.02
7564,1,453.9,453.9
7889,1,453.89,453.89
2053,1,453.76,453.76
8669,1,453.59,453.59
2528,1,453.25,453.25
6857,1,453.08,453.08
7864,1,452.97,452.97
6307,2,452.77,226.39
2938,2,452.75,226.38
2449,1,452.21,452.21
4395,1,451.95,451.95
7000,1,451.92,451.92
7987,1,451.83,451.83
5921,1,451.64,451.64
8450,1,451.61,451.61
4941,2,451.3,225.65
9212,1,451.25,451.25
4180,1,451.25,451.25
6258,1,451.02,451.02
1481,1,450.69,450.69
6179,1,450.64,450.64
8823,1,450.6,450.6
4267,1,450.26,450.26
4567,2,450.2,225.1
7666,1,450.19,450.19
9907,1,449.78,449.78
3643,2,449.65,224.83
7563,2,449.36,224.68
7459,1,449.36,449.36
9481,1,449.13,449.13
9749,1,448.46,448.46
5761,1,448.09,448.09
8264,1,448.06999999999994,448.07
2768,1,448.06,448.06
3036,1,448.05,448.05
8944,1,447.77,447.77
6389,1,447.7,447.7
1999,1,447.67,447.67
8161,2,447.66,223.83
5198,1,447.65,447.65
4232,1,447.39,447.39
3937,1,447.16,447.16
1427,1,446.84,446.84
8539,1,446.27,446.27
1366,1,446.26,446.26
8206,1,446.05,446.05
3910,2,446.0,223.0
4408,1,445.96,445.96
3357,1,444.97,444.97
8265,1,444.95,444.95
1205,1,444.62,444.62
5295,1,444.13,444.13
8988,1,443.78,443.78
7024,1,443.74,443.74
3131,1,443.5,443.5
2971,2,443.26,221.63
2249,1,443.13,443.13
7493,2,443.08000000000004,221.54
2522,1,442.87,442.87
3775,1,442.75,442.75
4933,1,442.59,442.59
6631,1,442.44,442.44
9514,1,442.4,442.4
4775,1,442.37,442.37
2000,1,441.93,441.93
7857,1,441.79,441.79
9024,1,441.71,441.71
5068,1,441.69,441.69
7154,2,441.66999999999996,220.84
4584,1,441.65,441.65
3981,1,441.53,441.53
2312,2,441.3,220.65
4183,1,441.14,441.14
9404,1,440.87,440.87
7743,1,440.85,440.85
3608,1,440.46,440.46
5833,1,440.36,440.36
3262,1,439.91,439.91
5556,1,439.85,439.85
1568,1,439.75,439.75
3447,1,439.37,439.37
3034,1,439.29,439.29
3063,1,439.09,439.09
8210,1,439.06,439.06
1993,1,438.89,438.89
7437,1,438.81,438.81
8812,1,438.76,438.76
2749,2,438.16,219.08
8910,1,438.13,438.13
3422,1,438.12,438.12
2637,1,438.12,438.12
1026,1,437.71,437.71
7775,1,437.63,437.63
2153,2,437.52,218.76
7920,1,437.26,437.26
4572,1,437.23,437.23
3733,1,437.0,437.0
7778,1,436.99,436.99
6278,1,436.93,436.93
7548,2,436.84,218.42
8881,1,436.82,436.82
1773,1,436.72,436.72
6523,1,436.7,436.7
3469,1,436.63,436.63
4241,2,436.37,218.19
4785,1,436.34,436.34
3107,1,436.28999999999996,436.29
8950,1,435.73,435.73
8595,1,435.69,435.69
5608,1,435.46,435.46
9253,1,435.31,435.31
2785,1,434.83,434.83
9359,1,434.71,434.71
5572,2,434.18,217.09
8059,1,434.13,434.13
2314,1,433.21,433.21
3855,2,432.68,216.34
1616,2,432.58000000000004,216.29
5191,1,432.32,432.32
2947,1,432.14,432.14
9050,1,432.13,432.13
7342,1,432.04,432.04
9889,1,431.97,431.97
4871,1,431.8,431.8
8903,1,431.66,431.66
5926,1,431.36,431.36
8607,1,431.14,431.14
5197,1,431.06,431.06
3046,1,430.94,430.94
5271,1,430.88,430.88
2991,1,430.54,430.54
4658,1,430.53,430.53
5115,1,430.42,430.42
3087,1,430.36,430.36
9139,1,430.24,430.24
2577,1,430.03,430.03
8853,1,429.73,429.73
8488,1,429.61,429.61
7078,1,429.38,429.38
6121,1,429.32,429.32
2982,1,429.3,429.3
3858,1,429.03,429.03
8688,1,428.95,428.95
1597,1,428.95,428.95
3511,1,428.72,428.72
6107,2,428.36,214.18
5612,1,428.34,428.34
7916,1,428.33,428.33
6563,1,428.02,428.02
9029,1,427.43,427.43
1445,1,426.61,426.61
8118,1,426.54,426.54
9085,1,426.15,426.15
8501,1,425.51,425.51
4337,1,425.28,425.28
1910,1,425.02,425.02
5474,1,425.0,425.0
9191,1,424.91,424.91
3712,1,424.68,424.68
1447,2,424.65,212.33
8101,1,424.45,424.45
3704,1,424.34,424.34
3491,1,424.23,424.23
9444,1,423.78,423.78
7585,1,423.71,423.71
4213,1,423.7,423.7
8245,1,423.02,423.02
3532,2,422.75,211.38
3847,1,422.73,422.73
3056,1,422.71,422.71
8975,1,422.68,422.68
7671,2,422.37,211.19
8643,1,422.36,422.36
4396,1,422.1,422.1
8381,1,422.08,422.08
9726,1,422.06,422.06
5265,2,421.82,210.91
4467,1,421.53,421.53
5453,1,421.48,421.48
2113,1,421.40999999999997,421.41
9084,1,421.18,421.18
3822,1,421.12,421.12
8481,1,421.09,421.09
9695,1,421.08,421.08
4459,1,421.06,421.06
7991,1,421.04,421.04
8957,1,420.94,420.94
8323,1,420.75,420.75
7845,1,420.66,420.66
6940,1,420.47,420.47
7524,2,420.32,210.16
6364,2,420.15,210.08
5772,1,420.13,420.13
6871,2,419.93,209.97
8901,1,419.8,419.8
6316,1,419.76,419.76
2766,1,419.75,419.75
1872,1,419.71,419.71
8672,2,419.57000000000005,209.79
5093,1,419.39,419.39
9167,1,419.07,419.07
5585,1,419.0,419.0
4302,1,418.91,418.91
5476,1,418.76,418.76
9035,1,418.71,418.71
8837,1,418.36,418.36
6923,1,418.16,418.16
4042,1,418.08,418.08
9041,1,418.03,418.03
2961,1,417.89,417.89
9248,1,417.79,417.79
4627,1,417.76,417.76
6723,1,417.71,417.71
8317,1,417.56,417.56
6914,1,417.38,417.38
1851,1,417.2,417.2
1586,1,417.14,417.14
6217,1,416.78,416.78
8971,1,416.76,416.76
9452,1,416.14,416.14
6038,2,416.1,208.05
9369,1,416.06,416.06
7770,1,415.46,415.46
6793,1,415.12,415.12
6426,1,414.92,414.92
8084,2,414.86,207.43
1009,1,414.58,414.58
7795,1,414.3,414.3
5221,1,414.19,414.19
8495,1,414.17,414.17
1103,2,414.12,207.06
6130,1,413.34,413.34
6454,1,413.22,413.22
3312,1,413.04,413.04
1807,1,412.97,412.97
5052,1,412.79999999999995,412.8
5248,1,412.59,412.59
9984,1,412.42,412.42
4038,1,412.3,412.3
5817,1,412.1,412.1
6114,1,411.75,411.75
7679,1,411.6,411.6
5515,1,411.34,411.34
5417,1,410.98,410.98
1029,1,410.96,410.96
6833,1,410.9,410.9
9012,1,410.46,410.46
6773,1,410.39,410.39
3332,1,410.35,410.35
3320,2,410.34000000000003,205.17
6659,1,410.2,410.2
8718,2,409.68,204.84
5669,2,409.62,204.81
7039,1,409.57,409.57
8233,1,409.36,409.36
3475,1,409.35,409.35
5046,1,409.27,409.27
4345,1,409.25,409.25
5079,1,409.24,409.24
9414,1,409.18,409.18
4573,1,408.65,408.65
6235,1,408.55,408.55
1545,1,408.33,408.33
1475,1,408.17,408.17
7601,1,408.03,408.03
1892,1,407.77,407.77
2011,1,407.66999999999996,407.67
4718,1,406.87,406.87
6629,1,406.83,406.83
6711,1,406.32,406.32
8482,1,406.12,406.12
1644,1,405.93,405.93
8599,1,405.62,405.62
3526,1,405.54,405.54
8867,1,405.43,405.43
5026,1,405.29,405.29
8606,3,404.59,134.86
9341,1,404.35,404.35
1310,1,404.25,404.25
6449,1,404.21,404.21
5845,2,404.12,202.06
6927,2,404.03,202.02
2419,1,403.52,403.52
9462,1,403.35,403.35
1864,1,403.3,403.3
6847,1,403.25,403.25
8683,1,403.19,403.19
8480,1,402.96,402.96
6031,1,402.87,402.87
5235,1,402.57,402.57
5354,1,402.38,402.38
2744,1,402.35,402.35
3321,1,402.3,402.3
1978,1,402.23,402.23
9588,1,402.14,402.14
4460,1,401.95,401.95
4480,1,401.86,401.86
1738,1,401.76,401.76
9538,2,401.37,200.69
6372,1,401.02,401.02
2880,1,400.92,400.92
4050,1,400.81,400.81
3524,1,400.57,400.57
7329,1,400.39,400.39
5272,1,400.34,400.34
1575,1,400.25,400.25
9303,1,400.06,400.06
4533,1,400.06,400.06
4300,1,400.03,400.03
1930,1,399.83,399.83
5695,2,399.71,199.86
4290,1,399.48,399.48
7181,1,399.13,399.13
6528,1,398.85,398.85
9179,1,398.75,398.75
6879,1,398.75,398.75
1115,1,398.69,398.69
9655,1,398.63,398.63
1762,2,398.58,199.29
9490,1,398.15,398.15
7157,1,398.02,398.02
7260,1,397.98,397.98
7586,1,397.95,397.95
4965,1,397.86,397.86
8999,2,397.83000000000004,198.92
3914,1,397.47,397.47
1170,1,397.44,397.44
5095,1,397.42,397.42
4878,2,397.37,198.69
6196,1,397.06,397.06
7946,1,397.03,397.03
9183,2,397.02,198.51
7556,1,396.92,396.92
4434,1,396.85,396.85
9943,1,396.67,396.67
1669,1,396.38,396.38
9715,2,396.07,198.04
6990,1,396.0,396.0
2022,1,395.95000000000005,395.95
4544,1,395.49,395.49
4938,2,395.18,197.59
4379,1,395.03,395.03
8801,1,394.62,394.62
9060,1,394.52,394.52
2565,1,394.51,394.51
4275,1,394.23,394.23
5035,1,394.19,394.19
7816,1,394.14,394.14
9240,1,393.82,393.82
6654,1,393.82,393.82
2075,1,393.71,393.71
9819,1,393.55,393.55
2230,1,392.87,392.87
1265,1,392.86,392.86
5610,1,392.68,392.68
2704,1,392.16,392.16
3803,1,392.14,392.14
8513,1,391.95,391.95
2784,1,391.90999999999997,391.91
9169,1,391.42,391.42
4210,1,391.23,391.23
4615,1,390.89,390.89
2341,1,390.6,390.6
1273,1,390.53,390.53
4964,1,390.45,390.45
2994,1,390.3,390.3
9731,1,390.17,390.17
7664,1,389.83,389.83
7594,2,389.48,194.74
6515,1,389.27,389.27
6987,1,389.11,389.11
5751,1,389.06,389.06
2411,1,389.06,389.06
6085,1,388.72,388.72
1408,1,388.49,388.49
2572,1,388.33,388.33
3825,1,388.22,388.22
4227,2,387.82000000000005,193.91
8638,1,387.7,387.7
1540,1,387.58000000000004,387.58
3273,1,387.01,387.01
7577,1,386.7,386.7
9174,1,386.6,386.6
1041,3,386.36,128.79
6162,1,386.28,386.28
4278,1,386.21,386.21
7295,1,385.94,385.94
9887,1,385.92,385.92
6413,1,385.68,385.68
9319,1,385.48,385.48
9071,1,385.48,385.48
7131,1,385.15,385.15
9762,1,384.98,384.98
1435,1,384.94,384.94
9154,1,384.65,384.65
7647,1,384.59000000000003,384.59
2105,1,384.2,384.2
8449,1,384.15,384.15
8938,1,384.12,384.12
2241,1,384.11,384.11
3578,1,383.75,383.75
8208,1,383.6,383.6
6378,1,383.59,383.59
6576,1,383.54,383.54
2257,1,383.54,383.54
8175,2,383.53,191.77
5537,1,383.38,383.38
8668,1,383.29,383.29
3633,1,383.24,383.24
6703,1,383.23,383.23
8933,2,383.02,191.51
6317,1,383.0,383.0
2517,1,382.84,382.84
1759,1,382.68,382.68
8778,1,382.67,382.67
5523,1,382.57,382.57
8353,1,382.53999999999996,382.54
2769,2,382.53999999999996,191.27
2320,2,382.29999999999995,191.15
5566,1,382.15,382.15
3476,1,382.12,382.12
1410,1,381.8,381.8
4211,1,381.53000000000003,381.53
1921,1,381.5,381.5
6988,1,381.43,381.43
3941,1,381.18,381.18
1772,1,381.15,381.15
1014,1,381.13,381.13
4932,1,381.03,381.03
3267,1,381.01,381.01
4439,2,380.98,190.49
5998,1,380.38,380.38
5842,1,380.2,380.2
6371,2,380.15,190.08
4946,1,379.95,379.95
4589,1,379.61,379.61
7919,1,379.52,379.52
3870,1,379.46,379.46
9073,1,379.43,379.43
2350,1,379.38,379.38
3940,1,379.32,379.32
2131,1,378.89,378.89
3593,1,378.79,378.79
1960,1,378.62,378.62
1437,1,378.44,378.44
1732,1,378.3,378.3
7304,2,378.08,189.04
6796,1,377.99,377.99
2215,1,377.91,377.91
7852,2,377.88,188.94
5915,1,377.84,377.84
2921,1,377.63,377.63
3419,1,377.27,377.27
7597,1,377.17,377.17
7124,1,376.75,376.75
1110,1,376.7,376.7
8541,1,376.26,376.26
5313,2,376.22,188.11
7872,1,375.91,375.91
8704,1,375.58,375.58
2862,1,375.15,375.15
6247,1,374.83,374.83
3534,3,374.51,124.84
7453,1,374.3,374.3
7903,1,374.29,374.29
3839,1,373.93,373.93
1685,2,373.84000000000003,186.92
5560,1,373.77,373.77
6981,1,373.57,373.57
1416,1,372.96000000000004,372.96
6655,1,372.93,372.93
9367,1,372.78,372.78
2349,1,372.72,372.72
6362,1,372.59,372.59
1450,1,372.5,372.5
4259,2,372.48,186.24
3281,1,372.44,372.44
7528,2,372.40999999999997,186.21
9161,2,372.4,186.2
8079,1,371.82,371.82
8358,1,371.77,371.77
4363,1,371.32,371.32
2765,1,370.79,370.79
3813,1,370.63,370.63
5075,1,370.53,370.53
1314,1,370.03,370.03
4851,1,369.83,369.83
2796,2,369.78999999999996,184.9
5671,1,369.61,369.61
3963,1,369.57,369.57
3843,1,369.37,369.37
3834,1,369.37,369.37
8517,1,369.32,369.32
8124,1,369.13,369.13
3083,1,368.64,368.64
4357,1,368.54,368.54
3634,1,368.46,368.46
5889,1,368.36,368.36
5672,1,368.24,368.24
6207,1,368.17999999999995,368.18
7567,2,367.98,183.99
6248,1,367.97,367.97
8588,1,367.43,367.43
8547,1,367.35,367.35
6726,1,367.24,367.24
9104,1,367.2,367.2
6253,1,367.16999999999996,367.17
2006,1,367.07,367.07
7640,1,366.86,366.86
7948,1,366.65,366.65
9727,2,366.62,183.31
1632,1,366.3,366.3
3603,2,365.56,182.78
4353,1,365.48,365.48
2846,1,365.43,365.43
8253,2,365.35,182.68
1355,2,365.03,182.52
8341,1,364.84,364.84
6363,1,364.59,364.59
2467,1,364.32,364.32
3605,1,364.25,364.25
3984,1,364.21,364.21
4489,1,364.06,364.06
9301,1,363.95,363.95
6029,1,363.67,363.67
6873,3,363.4,121.13
4774,1,363.4,363.4
8876,1,363.2,363.2
6194,1,362.98,362.98
3011,1,362.82000000000005,362.82
8822,1,362.64,362.64
5590,2,362.61,181.31
7761,1,362.37,362.37
4865,1,362.11,362.11
5444,2,362.09000000000003,181.05
1957,1,362.09000000000003,362.09
1140,1,361.92,361.92
1638,1,361.90999999999997,361.91
6072,2,361.74,180.87
2638,1,361.53,361.53
4112,1,361.31,361.31
1895,1,360.68,360.68
8526,1,360.54,360.54
9922,1,360.44,360.44
9834,1,360.42,360.42
7762,1,360.29,360.29
9611,1,360.18,360.18
4228,1,360.12,360.12
8927,1,359.63,359.63
4673,1,359.48,359.48
4132,1,359.08,359.08
5521,1,358.70000000000005,358.7
1668,1,358.46,358.46
2025,1,358.19,358.19
1083,1,357.93,357.93
1842,2,357.5,178.75
3777,1,357.4,357.4
9095,1,357.29,357.29
9123,2,357.24,178.62
2078,1,357.16,357.16
4058,1,356.88,356.88
8755,1,356.87,356.87
4330,1,356.61,356.61
8361,2,356.22,178.11
6101,1,356.16,356.16
8989,1,356.01,356.01
3842,2,355.73,177.87
3986,1,355.69,355.69
4972,1,355.38,355.38
9331,1,355.31,355.31
7954,1,355.31,355.31
3564,1,355.07,355.07
1706,1,355.0,355.0
6385,1,354.74,354.74
6443,1,354.72,354.72
3797,1,354.43,354.43
7561,1,354.2,354.2
5568,1,353.09,353.09
6902,1,352.82,352.82
3955,3,352.63,117.54
5359,1,352.44,352.44
5819,1,352.28,352.28
3411,1,351.79,351.79
6401,1,351.76,351.76
5445,1,351.67,351.67
2829,1,351.62,351.62
2188,1,351.57,351.57
2176,1,351.35,351.35
4666,1,351.26,351.26
5012,1,351.2,351.2
5986,1,351.13,351.13
8170,1,350.91,350.91
4588,1,350.42,350.42
9896,1,350.12,350.12
4487,1,349.98,349.98
2701,1,349.94,349.94
2791,1,349.92,349.92
3205,1,349.81,349.81
6061,1,349.39,349.39
6993,1,349.13,349.13
1462,1,349.09,349.09
3033,2,348.95000000000005,174.48
7772,1,348.83,348.83
7963,1,348.8,348.8
4926,1,348.74,348.74
1263,1,348.66,348.66
8746,1,348.52,348.52
4189,1,348.15,348.15
6900,2,348.1,174.05
9829,1,347.93,347.93
6373,1,347.74,347.74
2660,1,347.62,347.62
8521,1,347.58,347.58
3845,2,347.57,173.79
1452,1,347.56,347.56
1596,1,347.49,347.49
6858,1,347.22,347.22
5148,2,346.74,173.37
3584,1,346.61,346.61
7983,1,346.6,346.6
7085,1,346.39,346.39
8458,1,346.38,346.38
7633,1,346.35,346.35
3683,1,346.22,346.22
2382,1,345.92,345.92
4340,1,345.16,345.16
5381,1,344.77,344.77
1326,1,344.75,344.75
9627,2,344.17,172.09
7894,1,343.94,343.94
5165,1,343.63,343.63
4889,1,343.51,343.51
2913,1,342.51,342.51
6465,1,342.14,342.14
2923,1,341.76,341.76
9099,2,341.69,170.85
8967,2,341.28,170.64
5675,1,341.23,341.23
8924,1,341.05,341.05
6977,1,340.86,340.86
8080,1,340.38,340.38
3496,2,340.35999999999996,170.18
9845,1,340.06,340.06
3837,2,340.01,170.01
9264,2,339.98,169.99
9384,1,339.84,339.84
6598,1,339.84,339.84
4519,2,339.7,169.85
9865,1,339.69,339.69
9736,1,339.41,339.41
1237,1,339.32,339.32
1770,1,339.08,339.08
4406,1,339.05,339.05
6340,1,338.91,338.91
5617,1,338.8,338.8
8293,2,338.73,169.37
8998,1,338.68,338.68
6145,1,338.63,338.63
7076,1,338.38,338.38
4309,1,338.32,338.32
5470,1,338.21,338.21
1643,1,338.19,338.19
2985,1,338.02,338.02
3045,1,338.01,338.01
4876,1,337.97,337.97
2622,1,337.88,337.88
9920,1,337.85,337.85
8758,1,337.75,337.75
7656,1,337.49,337.49
7783,1,337.28,337.28
6287,1,336.98,336.98
8002,1,336.88,336.88
8141,1,336.7,336.7
2480,1,336.29,336.29
3749,1,336.24,336.24
7595,1,336.11,336.11
4044,1,335.45,335.45
1649,1,335.24,335.24
7190,1,335.15,335.15
3461,2,335.01000000000005,167.51
1124,1,334.91,334.91
4335,1,334.8,334.8
6555,1,334.76,334.76
5333,1,334.64,334.64
7236,1,334.62,334.62
5743,1,334.61,334.61
4686,1,334.61,334.61
6757,1,333.58,333.58
7434,1,333.26,333.26
8680,1,333.14,333.14
2361,1,333.1,333.1
9995,2,332.92,166.46
2605,1,332.57,332.57
7096,2,332.24,166.12
7693,1,332.16,332.16
3673,1,331.26,331.26
9903,1,331.07,331.07
9936,1,331.03,331.03
4642,1,330.72,330.72
1719,1,330.7,330.7
1236,1,330.63,330.63
9022,1,329.73,329.73
2507,1,329.56,329.56
3230,1,329.41,329.41
3386,1,329.33000000000004,329.33
6772,1,329.28,329.28
9721,1,329.15,329.15
6175,1,329.12,329.12
9690,1,329.01,329.01
2524,1,328.8,328.8
8440,1,328.7,328.7
7025,1,328.59,328.59
3753,1,328.3,328.3
6142,1,327.68,327.68
6242,1,327.66,327.66
6579,1,326.97,326.97
7023,1,326.85,326.85
7496,1,326.67,326.67
2031,1,326.45,326.45
6722,1,326.41,326.41
2763,1,326.23,326.23
1088,1,326.1,326.1
2805,2,325.78,162.89
4339,1,325.68,325.68
4993,1,325.59,325.59
2173,1,325.52,325.52
2392,2,325.26,162.63
2935,1,325.11,325.11
2103,1,324.73,324.73
1107,1,324.72,324.72
9799,1,324.61,324.61
9086,1,324.58,324.58
8382,1,324.58,324.58
1615,1,324.44,324.44
8088,1,324.35,324.35
7840,1,324.33,324.33
7456,1,324.16,324.16
3957,1,324.06,324.06
6409,2,323.90999999999997,161.96
5825,1,323.62,323.62
2771,2,323.62,161.81
7242,1,323.54,323.54
7648,1,323.26,323.26
4154,1,323.17,323.17
3227,1,323.1,323.1
1315,1,322.95,322.95
1301,2,322.61,161.31
7201,1,322.51,322.51
6778,1,322.46,322.46
1054,1,322.46,322.46
2627,1,322.24,322.24
5640,1,321.89,321.89
4578,1,321.78999999999996,321.79
5860,1,321.77,321.77
6094,1,321.71,321.71
1358,1,321.53,321.53
8992,1,321.51,321.51
9309,1,321.22,321.22
4866,1,321.22,321.22
8621,1,320.37,320.37
2582,1,320.22,320.22
9184,1,319.97,319.97
1799,1,319.82,319.82
2451,1,319.11,319.11
5573,1,319.03,319.03
8408,1,318.97,318.97
1605,1,318.86,318.86
1875,1,318.79,318.79
1889,1,318.75,318.75
8570,1,318.72,318.72
9261,1,318.33,318.33
3173,2,318.33,159.17
1944,1,318.25,318.25
3483,2,317.93,158.97
9089,1,317.86,317.86
1903,1,317.82,317.82
4308,1,317.74,317.74
4399,1,317.51,317.51
9707,1,317.35,317.35
4494,1,317.21,317.21
9704,1,317.18,317.18
6885,1,316.96,316.96
8305,1,316.82,316.82
5945,1,316.45,316.45
6431,1,316.05,316.05
6971,2,315.7,157.85
7287,1,315.61,315.61
5076,1,315.38,315.38
7902,1,315.35,315.35
3143,1,315.11,315.11
9824,1,315.1,315.1
8731,1,314.38,314.38
7786,1,314.1,314.1
6564,1,313.94,313.94
3620,1,313.86,313.86
6673,1,313.63,313.63
7868,1,313.34,313.34
5019,1,313.3,313.3
8551,1,313.24,313.24
5074,1,313.23,313.23
7052,1,313.01,313.01
8559,1,312.97,312.97
9784,1,312.9,312.9
7532,1,312.31,312.31
4726,1,311.84,311.84
4368,1,311.81,311.81
5022,1,311.43,311.43
4561,1,311.34,311.34
7898,1,311.0,311.0
3039,1,310.26,310.26
7063,1,310.14,310.14
1129,2,309.76,154.88
5811,1,309.05,309.05
1928,1,308.97,308.97
1209,1,308.69,308.69
9796,1,308.59,308.59
7882,1,308.41,308.41
7722,1,308.4,308.4
9378,2,308.29,154.15
9944,2,308.16,154.08
9895,1,308.16,308.16
4731,1,308.12,308.12
4563,1,307.36,307.36
2405,1,306.75,306.75
8835,1,306.73,306.73
4545,1,306.63,306.63
5742,1,306.61,306.61
4725,1,306.59,306.59
9187,1,306.17,306.17
7439,1,306.1,306.1
2613,1,305.98,305.98
1741,2,305.85,152.93
7972,1,305.67,305.67
6932,1,305.65999999999997,305.66
4311,1,305.54,305.54
9188,1,305.51,305.51
1971,2,305.06,152.53
4312,1,304.90999999999997,304.91
7411,1,304.56,304.56
9268,1,304.52,304.52
1069,1,304.48,304.48
8055,1,304.22,304.22
4796,1,304.04,304.04
3759,1,304.03,304.03
8828,1,303.38,303.38
1534,1,303.17,303.17
5472,1,303.01,303.01
3048,1,302.95,302.95
4641,1,302.84,302.84
7343,2,302.63,151.32
8504,1,302.6,302.6
9449,1,302.23,302.23
6526,1,302.23,302.23
9425,1,302.02,302.02
7491,2,302.01,151.01
7547,1,301.9,301.9
9364,1,301.56,301.56
7375,1,301.55,301.55
6250,1,301.43,301.43
3992,1,301.28,301.28
9221,1,300.72,300.72
4239,1,300.67,300.67
9474,1,300.63,300.63
6041,1,300.44,300.44
4090,1,300.36,300.36
5194,1,300.09,300.09
5423,1,300.06,300.06
9516,1,299.97,299.97
8396,1,299.75,299.75
6762,1,299.72,299.72
2348,1,299.7,299.7
1546,1,299.61,299.61
4442,2,299.58,149.79
7111,1,299.56,299.56
5771,2,299.53999999999996,149.77
3926,1,299.43,299.43
2116,2,299.31,149.66
8460,2,298.99,149.5
1108,1,298.99,298.99
6387,1,298.62,298.62
6220,1,298.59000000000003,298.59
1742,1,298.59,298.59
5002,1,298.48,298.48
2831,1,298.17,298.17
3006,1,297.96,297.96
1260,1,297.9,297.9
2779,1,297.85,297.85
4788,1,297.62,297.62
9573,1,297.51,297.51
1657,1,297.49,297.49
9233,1,297.28,297.28
5673,1,296.8,296.8
4233,1,296.55,296.55
7793,1,296.53,296.53
8204,1,296.22,296.22
5963,2,296.08000000000004,148.04
2655,1,296.03,296.03
1847,1,295.87,295.87
6267,1,295.27,295.27
8506,1,295.23,295.23
6481,1,294.92,294.92
6420,2,294.86,147.43
8824,1,294.62,294.62
7519,1,294.45,294.45
2065,1,293.93,293.93
1478,2,293.72,146.86
7032,1,293.37,293.37
1039,1,293.36,293.36
3382,1,293.35,293.35
4122,1,293.31,293.31
6832,1,293.12,293.12
3569,1,292.99,292.99
5090,1,292.95,292.95
5685,1,292.58,292.58
1280,1,292.57,292.57
4670,1,292.11,292.11
2198,1,291.94,291.94
6679,1,291.77,291.77
8803,1,291.68,291.68
5681,1,291.31,291.31
2735,1,290.86,290.86
5097,2,290.64,145.32
1196,1,290.25,290.25
3543,1,290.21,290.21
8723,1,289.9,289.9
2614,1,289.75,289.75
3138,2,289.65999999999997,144.83
5920,2,289.53,144.77
9596,1,289.24,289.24
2760,1,289.09,289.09
7249,1,288.43,288.43
3439,1,288.26,288.26
8558,1,288.23,288.23
8153,1,288.14,288.14
8019,1,287.85,287.85
9566,1,287.83,287.83
6607,1,287.75,287.75
7860,1,287.46,287.46
2427,1,287.11,287.11
5494,1,286.94,286.94
9528,1,286.87,286.87
3292,1,286.71,286.71
6091,1,286.66,286.66
1079,1,286.63,286.63
9028,1,286.3,286.3
5429,1,285.96,285.96
7404,1,285.46,285.46
6280,1,285.37,285.37
6850,1,285.09,285.09
6769,1,285.03,285.03
6359,1,284.96,284.96
3600,1,284.85,284.85
9113,1,283.65,283.65
3171,1,283.46,283.46
1268,1,283.27,283.27
5007,1,283.21,283.21
2850,1,282.91,282.91
5452,1,282.57,282.57
8994,1,282.51,282.51
7824,1,282.35,282.35
1862,1,281.78,281.78
1231,1,281.75,281.75
2301,1,281.49,281.49
3783,1,281.44,281.44
5146,1,281.15000000000003,281.15
8871,1,281.02,281.02
3486,1,280.56,280.56
5868,1,280.39,280.39
9227,1,280.28,280.28
7808,1,279.67,279.67
4066,1,279.67,279.67
3567,1,279.26,279.26
2386,2,279.24,139.62
3669,1,279.12,279.12
8071,1,279.05,279.05
3402,1,278.99,278.99
1060,1,278.98,278.98
5648,1,278.65,278.65
8671,1,278.19,278.19
5126,1,278.05,278.05
2028,1,277.87,277.87
9475,1,277.11,277.11
2307,1,276.64,276.64
6884,1,276.42,276.42
2015,1,276.22,276.22
1087,1,276.19,276.19
6944,1,276.18,276.18
9589,1,275.79,275.79
1646,1,275.51,275.51
9353,1,275.12,275.12
6382,1,274.85,274.85
9175,1,274.29,274.29
5477,1,273.69,273.69
5916,1,273.67,273.67
1574,1,273.5,273.5
8634,1,273.29,273.29
4510,1,273.11,273.11
1498,1,273.06,273.06
7237,1,272.98,272.98
6487,1,272.94,272.94
6638,1,272.66,272.66
6468,1,272.63,272.63
7470,1,272.33,272.33
9325,1,272.25,272.25
8334,1,272.23,272.23
7323,1,272.14,272.14
6883,1,271.79,271.79
1994,1,271.77,271.77
2168,1,271.76,271.76
6360,2,271.47,135.74
2352,1,271.23,271.23
4352,1,270.96,270.96
8851,1,270.86,270.86
4549,1,269.84,269.84
7346,1,269.74,269.74
1724,1,269.71,269.71
5522,1,269.56,269.56
3701,1,269.44,269.44
5224,1,268.68,268.68
2891,1,268.61,268.61
8182,1,268.56,268.56
2448,1,267.39,267.39
5023,1,267.01,267.01
4834,2,266.86,133.43
3479,1,266.85,266.85
9400,1,266.78,266.78
7735,2,266.69,133.35
8890,1,266.67,266.67
3967,1,266.57,266.57
6854,1,265.89,265.89
9051,1,265.61,265.61
9787,1,265.58,265.58
3876,1,265.45,265.45
2403,1,265.3,265.3
3675,1,264.62,264.62
3042,1,264.61,264.61
3269,1,264.53999999999996,264.54
1147,1,264.52,264.52
3290,1,264.32,264.32
7535,1,264.3,264.3
4060,1,264.27,264.27
3863,1,264.2,264.2
4024,2,263.88,131.94
5835,1,263.49,263.49
7186,1,263.38,263.38
9215,1,263.18,263.18
6801,1,262.98,262.98
9042,2,262.59000000000003,131.3
3573,1,262.55,262.55
1845,1,262.09,262.09
4152,1,261.9,261.9
2139,1,261.47,261.47
2820,1,261.41,261.41
6518,1,261.24,261.24
7478,1,261.2,261.2
8380,1,261.11,261.11
9247,1,260.82,260.82
8505,1,260.68,260.68
3755,1,260.59,260.59
1484,1,260.56,260.56
7980,1,260.52,260.52
8315,1,260.28,260.28
5259,1,260.1,260.1
9345,1,260.05,260.05
1112,1,259.94,259.94
3791,1,259.9,259.9
4551,2,259.76,129.88
8027,1,259.68,259.68
6546,1,259.64,259.64
9185,2,259.40000000000003,129.7
3009,1,259.18,259.18
6403,1,258.97,258.97
1835,1,258.69,258.69
8292,1,258.63,258.63
3641,1,258.46,258.46
5601,1,258.31,258.31
8414,1,258.16,258.16
2146,1,258.05,258.05
3939,1,257.96,257.96
4197,1,257.88,257.88
3860,1,257.71,257.71
4683,1,257.56,257.56
4677,1,257.53,257.53
1815,1,256.97,256.97
4068,1,256.96,256.96
3350,1,256.96,256.96
7252,1,256.92,256.92
5373,1,256.6,256.6
1955,1,256.6,256.6
9090,1,256.59,256.59
7182,1,256.37,256.37
8520,1,256.34,256.34
2753,1,256.25,256.25
9844,2,256.19,128.1
6825,1,256.12,256.12
3750,1,256.11,256.11
9006,1,255.86,255.86
2600,1,255.45,255.45
6070,1,255.29,255.29
4359,1,255.23,255.23
7884,1,255.03,255.03
6019,1,254.22,254.22
9019,1,254.21,254.21
4174,1,254.11,254.11
5658,2,254.04000000000002,127.02
7973,1,253.76,253.76
9284,1,253.34,253.34
1324,2,253.23000000000002,126.62
7402,1,253.18,253.18
5414,2,253.05,126.53
9488,1,252.8,252.8
4465,1,252.54,252.54
1547,1,252.46,252.46
2902,1,252.44,252.44
7662,1,252.12,252.12
5820,1,252.07,252.07
3853,2,251.99,126.0
8444,1,251.98,251.98
1221,1,251.67,251.67
8809,2,251.48,125.74
9780,1,251.13,251.13
6180,1,250.77,250.77
4137,1,250.54,250.54
5225,1,250.53,250.53
8922,1,250.08,250.08
3199,1,250.02,250.02
9535,1,249.69,249.69
4970,1,249.69,249.69
2462,1,249.66,249.66
2166,1,249.2,249.2
4542,1,248.96,248.96
7554,1,248.64,248.64
5434,1,248.64,248.64
8667,1,248.41,248.41
5703,1,248.24,248.24
2035,1,247.81,247.81
2007,1,247.74,247.74
7319,1,247.51,247.51
6169,1,247.24,247.24
1030,1,247.2,247.2
4279,1,247.16,247.16
1820,1,247.11,247.11
2691,1,246.6,246.6
6167,1,246.41,246.41
9940,1,246.3,246.3
3050,1,246.16,246.16
5123,1,245.85,245.85
4498,1,245.71,245.71
8644,1,245.68,245.68
4830,1,245.6,245.6
8796,1,245.48,245.48
7490,1,245.46,245.46
2415,1,245.15,245.15
4168,1,244.87,244.87
3973,1,244.87,244.87
6476,1,244.79,244.79
9605,2,243.98000000000002,121.99
6377,1,243.96,243.96
3576,1,243.81,243.81
5542,2,243.70999999999998,121.86
5943,1,243.68,243.68
7686,1,243.6,243.6
4951,1,243.53,243.53
6309,1,243.47,243.47
9661,1,243.35,243.35
2560,1,243.24,243.24
5543,2,243.11,121.56
9832,2,243.10999999999999,121.56
2383,1,243.1,243.1
3856,1,243.0,243.0
3426,1,242.99,242.99
3253,1,242.95,242.95
5892,1,242.66,242.66
1896,1,242.41,242.41
4770,1,242.39,242.39
9612,2,242.14,121.07
8925,1,241.72,241.72
6193,1,241.44,241.44
5082,1,241.07,241.07
6680,1,241.04,241.04
4270,1,240.92,240.92
2268,1,240.88,240.88
1699,1,240.78,240.78
8889,1,240.64,240.64
9132,2,240.5,120.25
1577,1,240.49,240.49
7425,1,240.48,240.48
6618,1,240.43,240.43
6834,1,240.42,240.42
7344,1,239.97,239.97
2200,1,239.52,239.52
2717,1,239.51,239.51
8407,1,239.4,239.4
1852,1,239.35,239.35
5855,1,239.29000000000002,239.29
5717,1,239.06,239.06
8049,1,238.74,238.74
9646,1,238.7,238.7
8802,1,238.51,238.51
1136,1,238.04,238.04
3587,1,237.74,237.74
4348,1,237.52,237.52
4995,1,237.34,237.34
7118,1,237.26,237.26
8423,1,236.87,236.87
1033,1,236.63,236.63
7695,3,236.59,78.86
3246,1,236.59,236.59
4453,2,236.51,118.26
7947,1,236.4,236.4
9650,1,236.05,236.05
6039,1,235.82,235.82
6957,1,235.47,235.47
7892,1,235.35,235.35
1082,1,235.34,235.34
9357,1,235.3,235.3
4532,1,235.28,235.28
4761,1,235.2,235.2
3882,1,235.16,235.16
5575,1,234.82,234.82
7048,1,234.77,234.77
3541,1,234.44,234.44
8068,1,234.2,234.2
1346,2,234.07,117.04
8428,1,234.04,234.04
6014,1,234.01,234.01
1483,1,233.91,233.91
4826,1,233.76,233.76
2740,1,233.76,233.76
8268,1,233.49,233.49
1848,1,233.3,233.3
3705,1,233.12,233.12
4684,1,232.78,232.78
3781,1,232.69,232.69
1321,1,232.2,232.2
3335,1,232.09,232.09
2079,1,232.06,232.06
5489,1,231.97,231.97
9232,1,231.73,231.73
4370,1,231.64,231.64
4045,1,231.47,231.47
1675,1,231.42,231.42
4133,1,231.39,231.39
6244,1,231.35,231.35
6047,1,230.76,230.76
3912,1,230.62,230.62
2018,1,230.58,230.58
4541,1,230.44,230.44
5844,1,230.39,230.39
1522,1,230.11,230.11
2908,1,230.07,230.07
9423,1,230.06,230.06
4730,1,230.04,230.04
8005,1,229.88,229.88
4985,1,229.88,229.88
4639,1,229.8,229.8
3761,1,229.78,229.78
8953,2,229.57,114.79
4319,1,229.15,229.15
3208,1,229.15,229.15
4716,1,229.09,229.09
6127,1,228.99,228.99
3055,1,228.8,228.8
2860,1,228.79,228.79
8020,1,228.69,228.69
9774,1,228.57,228.57
3185,1,228.52,228.52
5277,1,228.38,228.38
5028,1,228.16,228.16
2087,1,227.71,227.71
7635,1,227.11,227.11
1008,1,226.96,226.96
8476,1,226.94,226.94
9930,1,226.66000000000003,226.66
3559,1,226.66,226.66
4445,1,226.63,226.63
5846,1,226.43,226.43
5540,1,226.26,226.26
3522,1,226.23,226.23
5172,1,226.18,226.18
9932,1,226.09,226.09
2840,1,226.01,226.01
9355,1,225.95999999999998,225.96
8385,1,225.92,225.92
1291,1,225.91,225.91
8531,1,225.76,225.76
8852,1,225.74,225.74
8439,1,225.62,225.62
8958,1,225.52,225.52
9662,1,225.5,225.5
2318,1,225.4,225.4
9131,1,225.22,225.22
7222,1,225.1,225.1
1934,1,224.77,224.77
3315,1,224.64,224.64
1148,1,224.58,224.58
1882,1,224.35,224.35
7992,1,224.22,224.22
4790,1,224.13,224.13
5946,2,223.29999999999998,111.65
8985,1,223.24,223.24
5160,1,223.01,223.01
7821,1,222.72,222.72
7303,1,222.39,222.39
8171,1,222.29,222.29
5621,1,222.27,222.27
2686,1,222.0,222.0
4610,1,221.85,221.85
9126,2,221.64000000000001,110.82
1471,2,221.03,110.52
2209,1,220.97,220.97
5372,1,220.87,220.87
6190,1,220.78,220.78
2667,1,220.56,220.56
8628,2,220.22,110.11
2782,1,219.86,219.86
8660,1,219.72,219.72
5795,1,219.57,219.57
8862,1,219.14,219.14
8519,1,218.65,218.65
5462,1,218.36,218.36
7859,1,218.35,218.35
7923,1,218.34,218.34
5832,1,217.9,217.9
1749,1,217.62,217.62
3442,1,217.47,217.47
5938,1,217.11,217.11
2514,1,216.64999999999998,216.65
2175,1,216.35,216.35
3095,2,216.3,108.15
8270,1,216.28,216.28
4318,1,216.23,216.23
4430,1,216.22,216.22
7469,1,215.91,215.91
8131,1,215.71,215.71
3139,1,215.51,215.51
1936,1,215.33,215.33
9289,2,214.63,107.32
2559,1,214.62,214.62
8857,1,214.59,214.59
8662,1,214.56,214.56
2547,1,214.47,214.47
7810,1,214.02,214.02
8295,1,213.93,213.93
7979,1,213.49,213.49
6239,1,213.37,213.37
3786,1,213.36,213.36
8035,1,213.08,213.08
3766,1,213.05,213.05
5451,1,212.85,212.85
9415,1,212.68,212.68
6048,1,212.3,212.3
8166,1,212.14,212.14
1564,1,212.07,212.07
6875,1,211.86,211.86
2487,1,211.81,211.81
6705,1,211.78,211.78
4732,1,211.7,211.7
9902,1,211.45,211.45
3065,2,211.4,105.7
9508,1,210.59,210.59
2244,2,210.51,105.26
1583,1,210.28,210.28
2678,1,209.96,209.96
8727,1,209.59,209.59
9094,1,209.54,209.54
8225,1,209.32,209.32
5299,1,209.15,209.15
7156,1,209.07,209.07
9659,1,208.91,208.91
2380,1,208.9,208.9
7854,1,208.69,208.69
7967,1,208.61,208.61
1680,1,208.56,208.56
6036,1,208.53,208.53
7785,1,208.5,208.5
4435,1,207.88,207.88
8807,1,207.87,207.87
7224,1,207.87,207.87
5260,1,207.13,207.13
5377,1,206.86,206.86
2246,1,206.82,206.82
1541,1,206.78,206.78
2059,1,206.74,206.74
3867,1,206.66,206.66
7709,1,206.52,206.52
9663,1,206.5,206.5
4425,1,206.43,206.43
2521,1,206.35,206.35
2265,1,206.29,206.29
3964,1,206.16,206.16
3489,1,206.08,206.08
6172,1,206.02,206.02
4733,1,205.78,205.78
1403,1,205.7,205.7
7643,1,205.67,205.67
5454,1,205.31,205.31
7027,1,205.05,205.05
2750,1,204.67,204.67
2995,1,204.46,204.46
4130,1,204.29,204.29
7957,1,204.28,204.28
9344,1,204.13,204.13
4117,1,204.04,204.04
1500,2,203.99,102.0
8360,1,203.97,203.97
4202,1,203.92,203.92
1339,1,203.45,203.45
2416,1,202.98,202.98
9746,1,202.96,202.96
6227,1,202.82,202.82
2412,1,202.7,202.7
7998,1,202.46,202.46
1005,1,202.28,202.28
8875,1,202.12,202.12
3043,1,201.09,201.09
3465,1,200.98,200.98
7415,1,200.91,200.91
5961,1,200.89,200.89
4433,1,200.72,200.72
7644,1,200.7,200.7
8025,2,200.67000000000002,100.34
5409,1,200.66,200.66
9701,1,200.56,200.56
3291,2,199.73,99.87
5527,1,199.31,199.31
1468,1,199.25,199.25
5428,1,198.78,198.78
3663,1,198.72,198.72
1512,1,198.66,198.66
7378,1,197.7,197.7
9556,1,197.51,197.51
5214,1,197.47,197.47
4782,1,197.17,197.17
5935,1,197.02,197.02
7108,1,196.96,196.96
3450,1,196.84,196.84
7339,1,196.82,196.82
5509,1,196.34,196.34
5374,2,196.31,98.16
5261,2,195.85999999999999,97.93
2222,1,195.78,195.78
1368,1,195.72,195.72
2410,1,195.67,195.67
5059,1,195.47,195.47
6007,1,195.23,195.23
2730,1,194.52,194.52
7825,1,194.51,194.51
5492,1,194.46,194.46
1755,1,194.24,194.24
5219,1,193.87,193.87
3101,1,193.67,193.67
3762,1,193.49,193.49
6489,1,193.42,193.42
3787,1,193.4,193.4
8511,1,192.74,192.74
7628,1,192.64,192.64
1980,1,192.41,192.41
1294,1,192.26999999999998,192.27
4614,1,192.22,192.22
1603,1,191.61,191.61
6952,1,191.41,191.41
7092,1,191.24,191.24
4378,1,191.0,191.0
6527,1,190.73,190.73
3800,1,190.09,190.09
2943,1,190.01,190.01
4109,1,189.49,189.49
6630,1,189.46,189.46
5927,1,189.04,189.04
7139,1,188.99,188.99
8145,1,188.97,188.97
5251,1,188.72,188.72
8194,1,188.35,188.35
5239,1,187.7,187.7
8070,2,187.60999999999999,93.81
5807,1,187.58,187.58
1502,1,187.15,187.15
2220,1,187.14,187.14
8790,1,186.84,186.84
3156,1,186.82,186.82
4099,1,186.51,186.51
4156,1,186.2,186.2
6241,1,185.9,185.9
2895,1,185.71,185.71
5690,1,185.66,185.66
3730,1,185.28,185.28
4829,1,185.08,185.08
3154,1,184.94,184.94
7759,1,184.85,184.85
5774,1,184.63,184.63
9484,2,184.36,92.18
4332,1,184.29,184.29
1531,1,184.2,184.2
3502,1,184.14,184.14
3639,1,184.04,184.04
9170,1,184.0,184.0
6224,1,183.9,183.9
5734,1,183.7,183.7
1948,1,183.51,183.51
1843,1,183.4,183.4
6484,1,182.21,182.21
7394,1,182.05,182.05
2838,1,182.0,182.0
9046,1,181.93,181.93
1377,1,181.68,181.68
5668,1,181.59,181.59
7409,1,181.49,181.49
1212,1,181.43,181.43
8991,1,181.41,181.41
8821,1,181.26,181.26
6720,1,181.22,181.22
4418,1,181.13,181.13
4287,1,181.11,181.11
7355,1,180.77,180.77
2928,1,180.59,180.59
7680,1,180.55,180.55
7670,1,180.42,180.42
8065,1,180.37,180.37
6609,1,180.27,180.27
2040,1,180.19,180.19
6735,2,180.02,90.01
8300,1,180.0,180.0
2626,1,179.94,179.94
7457,1,179.76,179.76
4891,1,179.49,179.49
9096,1,179.45,179.45
8105,1,179.32999999999998,179.33
1480,1,179.23,179.23
7390,2,178.89000000000001,89.45
1338,1,178.52,178.52
5547,1,178.3,178.3
3877,1,178.16,178.16
9420,1,177.91,177.91
6336,1,177.81,177.81
7588,1,177.65,177.65
8780,1,177.48,177.48
9540,1,177.32999999999998,177.33
9008,1,177.3,177.3
4367,1,176.85,176.85
8123,1,176.82,176.82
3390,1,176.78,176.78
1357,2,176.52,88.26
2269,1,176.48,176.48
8148,1,176.24,176.24
9561,1,176.16,176.16
4478,1,176.13,176.13
1428,1,176.09,176.09
2797,1,175.58,175.58
7094,1,175.4,175.4
3505,1,175.24,175.24
6844,1,174.87,174.87
1486,1,174.39,174.39
8138,1,174.14,174.14
7212,1,173.99,173.99
6040,1,173.99,173.99
8021,1,173.77,173.77
8227,1,173.25,173.25
6135,1,172.98,172.98
2752,1,172.97,172.97
2549,2,172.83,86.42
8201,1,172.57,172.57
6074,1,172.11,172.11
1667,1,171.93,171.93
2144,1,171.14,171.14
4968,1,171.07,171.07
1929,1,170.97,170.97
8872,1,170.89,170.89
8887,1,170.54,170.54
4562,1,170.49,170.49
9454,1,170.38,170.38
3140,1,170.38,170.38
1916,1,170.38,170.38
2764,1,170.11,170.11
3013,1,170.1,170.1
3344,1,169.95,169.95
7436,1,169.72,169.72
2414,1,169.6,169.6
4056,1,169.34,169.34
8674,1,168.77,168.77
6480,1,168.76,168.76
3506,1,168.72,168.72
9292,1,168.71,168.71
2542,1,168.6,168.6
7206,1,168.58,168.58
1904,1,168.57,168.57
3996,1,168.55,168.55
4377,1,167.98,167.98
3318,2,167.82,83.91
3380,1,167.78,167.78
9447,1,167.5,167.5
6780,1,167.21,167.21
2736,1,167.05,167.05
4074,1,166.65,166.65
4721,1,166.36,166.36
2016,1,166.28,166.28
8024,1,166.02,166.02
7055,1,166.02,166.02
1607,1,165.83,165.83
6189,1,165.54,165.54
1181,1,165.05,165.05
1288,1,164.85,164.85
9885,1,164.27,164.27
4579,1,164.24,164.24
2485,1,163.98,163.98
8544,1,163.89,163.89
1505,1,163.84,163.84
8760,1,163.58,163.58
7432,1,163.45,163.45
9578,1,163.44,163.44
3032,1,163.42,163.42
7169,1,163.12,163.12
3615,2,163.08,81.54
1141,2,163.01999999999998,81.51
5678,1,162.89,162.89
8869,1,162.41,162.41
1826,1,162.28,162.28
8612,1,162.27,162.27
1661,1,161.87,161.87
7591,1,161.83,161.83
5571,2,161.49,80.75
7266,1,161.13,161.13
2426,1,161.12,161.12
9618,1,160.77,160.77
3385,1,160.68,160.68
8743,1,160.15,160.15
7194,1,160.09,160.09
2333,1,159.5,159.5
3126,2,158.81,79.41
7059,1,158.73,158.73
6733,1,158.55,158.55
7172,1,158.41,158.41
9667,1,158.26,158.26
5552,1,158.25,158.25
3114,1,158.25,158.25
4376,1,158.13,158.13
5696,1,158.01,158.01
4547,1,157.99,157.99
8567,1,157.83,157.83
9806,1,157.58,157.58
8393,1,157.58,157.58
5045,2,157.26,78.63
3754,1,157.18,157.18
2525,1,156.89,156.89
9633,1,156.45,156.45
5324,1,156.13,156.13
1805,1,155.92,155.92
9999,1,155.63,155.63
1042,1,155.33,155.33
6125,1,155.16,155.16
4804,1,154.78,154.78
5746,1,154.56,154.56
4161,1,154.48,154.48
4517,1,154.45,154.45
4844,1,154.38,154.38
5167,1,154.34,154.34
8370,1,154.25,154.25
3830,1,154.23,154.23
2899,2,153.89,76.95
1369,1,153.78,153.78
3304,1,153.76,153.76
2250,1,153.66,153.66
1751,1,153.39,153.39
1396,1,153.29,153.29
7077,1,153.28,153.28
9214,1,153.19,153.19
4176,1,152.96,152.96
8338,1,152.6,152.6
5785,1,152.17,152.17
1566,1,152.16,152.16
7794,1,152.08,152.08
6083,1,152.03,152.03
1840,1,151.94,151.94
9712,1,151.9,151.9
5345,1,151.62,151.62
3109,1,151.57,151.57
5223,1,151.51,151.51
5633,1,151.31,151.31
4138,1,151.27,151.27
3157,1,151.25,151.25
1926,1,151.18,151.18
8478,1,150.94,150.94
8739,1,150.19,150.19
9741,1,149.69,149.69
7158,1,149.4,149.4
7061,1,149.36,149.36
5506,1,149.31,149.31
4157,1,149.16,149.16
6209,1,148.77,148.77
7034,1,148.76,148.76
1696,1,148.73,148.73
1832,1,148.7,148.7
4737,1,148.54,148.54
8918,1,148.4,148.4
3739,1,147.76,147.76
3906,1,147.63,147.63
8158,1,147.5,147.5
6407,1,147.43,147.43
8417,1,147.19,147.19
7020,1,147.05,147.05
3897,1,147.04,147.04
4497,1,146.65,146.65
2669,1,146.65,146.65
2002,1,146.2,146.2
9464,1,146.19,146.19
3374,2,145.9,72.95
8454,1,145.82,145.82
1879,1,145.43,145.43
1507,1,144.92,144.92
4777,1,144.9,144.9
3360,1,144.76,144.76
8784,1,144.61,144.61
8663,1,144.58,144.58
1317,1,144.57,144.57
7565,1,144.46,144.46
8114,1,144.37,144.37
4184,1,144.3,144.3
6325,1,143.88,143.88
9734,1,143.32,143.32
9072,1,143.18,143.18
5050,1,142.94,142.94
9689,1,142.09,142.09
8258,1,141.99,141.99
9141,1,141.91,141.91
2054,2,141.88,70.94
6636,1,141.85,141.85
5281,1,141.66,141.66
6499,1,141.39,141.39
9786,1,141.33,141.33
4645,1,141.24,141.24
1476,1,140.67,140.67
3128,1,140.48,140.48
4552,2,140.2,70.1
8263,1,140.16,140.16
1746,1,140.07,140.07
2458,1,139.72,139.72
3324,1,139.55,139.55
2950,1,139.48,139.48
3954,1,139.43,139.43
8569,1,139.19,139.19
3764,1,139.1,139.1
9453,1,139.08,139.08
5615,1,139.06,139.06
4373,1,138.95,138.95
4631,1,138.84,138.84
9045,1,138.81,138.81
3485,1,138.78,138.78
9840,1,138.59,138.59
3795,1,138.59,138.59
3433,1,138.26,138.26
8248,2,138.18,69.09
3423,1,138.04,138.04
2194,1,137.94,137.94
5851,1,137.72,137.72
8438,1,137.68,137.68
4313,1,137.66,137.66
9157,1,137.59,137.59
2857,1,137.45,137.45
4036,1,137.03,137.03
1775,1,137.02,137.02
6950,1,137.01,137.01
1549,1,136.94,136.94
7014,1,136.59,136.59
3051,1,136.18,136.18
7719,1,135.88,135.88
1163,1,135.76,135.76
3084,1,135.7,135.7
4564,1,135.52,135.52
7461,1,135.34,135.34
8298,1,134.8,134.8
3027,1,134.64,134.64
2964,1,134.56,134.56
9055,1,134.32,134.32
1753,1,133.46,133.46
6761,1,133.09,133.09
7239,1,132.85,132.85
7787,1,132.65,132.65
6089,1,132.12,132.12
9335,1,132.1,132.1
4441,1,132.0,132.0
4400,1,131.54,131.54
2258,1,131.5,131.5
3244,1,131.16,131.16
3248,1,130.86,130.86
7622,1,130.47,130.47
7737,1,130.43,130.43
4868,1,130.21,130.21
4776,1,130.15,130.15
9291,2,130.13,65.07
3598,1,130.09,130.09
8219,1,130.02,130.02
1766,1,129.86,129.86
5011,1,129.54,129.54
8492,1,129.5,129.5
5237,1,129.43,129.43
9063,1,129.37,129.37
3088,1,129.27,129.27
9052,1,129.12,129.12
1379,1,129.12,129.12
5300,1,128.66,128.66
6318,1,128.56,128.56
8111,1,128.54,128.54
7215,1,128.47,128.47
8726,1,128.2,128.2
6092,1,128.1,128.1
2038,2,127.87,63.94
8404,1,127.84,127.84
3115,1,127.58,127.58
1354,1,127.3,127.3
7420,1,127.22,127.22
7663,1,127.15,127.15
8699,1,126.97,126.97
8777,1,126.72,126.72
3268,1,126.71,126.71
2237,1,126.57,126.57
2138,1,126.32,126.32
6132,1,126.13,126.13
9768,1,126.08,126.08
4384,1,125.97,125.97
8106,1,125.91,125.91
9388,1,125.77,125.77
5133,1,125.59,125.59
9740,1,125.18,125.18
1672,1,125.17,125.17
6332,1,124.85,124.85
6415,1,124.69,124.69
2809,1,124.69,124.69
2202,1,124.51,124.51
3137,1,124.35,124.35
5118,1,124.1,124.1
8978,1,124.06,124.06
6353,1,123.85,123.85
2834,2,123.57,61.79
4983,1,123.3,123.3
1925,1,123.12,123.12
9615,1,122.87,122.87
6755,1,122.4,122.4
7399,1,122.32,122.32
1795,1,122.28,122.28
7771,1,121.73,121.73
7262,1,121.68,121.68
2533,2,121.68,60.84
9737,1,121.64,121.64
4856,1,121.42,121.42
9199,1,121.25,121.25
5460,1,121.24,121.24
9497,1,121.19,121.19
8196,1,121.03,121.03
8363,1,120.54,120.54
1284,1,120.27,120.27
8151,1,120.22,120.22
8247,1,120.19,120.19
3389,1,120.14,120.14
3243,1,119.68,119.68
9338,1,119.02,119.02
4765,1,118.87,118.87
3978,1,118.76,118.76
8748,1,117.63,117.63
4470,1,117.21,117.21
9009,1,117.14,117.14
6777,1,116.93,116.93
7357,1,116.8,116.8
7960,1,116.62,116.62
6397,1,116.37,116.37
9534,1,116.25,116.25
6400,1,116.17,116.17
2104,1,116.11,116.11
6168,1,116.05,116.05
4271,1,115.96,115.96
2229,1,115.73,115.73
2535,1,115.23,115.23
2882,1,115.05,115.05
4450,1,114.99,114.99
1639,1,114.95,114.95
8348,1,114.79,114.79
1628,1,114.73,114.73
7479,1,114.56,114.56
1642,1,114.51,114.51
4611,1,114.5,114.5
3473,1,114.46,114.46
5109,1,114.38,114.38
3721,1,113.87,113.87
9962,1,113.6,113.6
9416,1,113.51,113.51
4128,1,113.46,113.46
3835,2,113.39000000000001,56.7
5741,1,113.28,113.28
9884,1,113.1,113.1
7405,1,112.89,112.89
2639,1,112.61,112.61
5554,1,112.53,112.53
2326,1,112.48,112.48
9942,1,112.41,112.41
5953,1,111.89,111.89
8032,1,110.94,110.94
5346,1,110.91,110.91
6642,1,110.84,110.84
1199,1,110.74,110.74
8745,1,110.25,110.25
1264,1,110.22,110.22
8388,1,109.94,109.94
4449,1,109.6,109.6
9706,1,109.53,109.53
3961,1,109.47,109.47
9779,1,108.1,108.1
5710,1,107.73,107.73
2983,1,107.6,107.6
9002,1,107.46,107.46
7599,1,107.1,107.1
5551,1,107.08,107.08
7058,1,107.04,107.04
2651,1,106.77,106.77
8939,1,106.76,106.76
1225,1,106.32,106.32
8081,1,106.21,106.21
8379,1,106.19,106.19
9172,1,106.11,106.11
5073,1,106.0,106.0
7684,1,105.25,105.25
3323,1,105.01,105.01
2167,1,104.83,104.83
5965,1,104.77,104.77
5298,1,104.45,104.45
4473,1,104.06,104.06
6554,1,103.81,103.81
1469,1,103.66,103.66
1573,1,103.37,103.37
2080,2,103.36,51.68
9761,1,102.99,102.99
3574,1,102.93,102.93
7064,1,102.91,102.91
2481,1,102.77,102.77
6166,1,102.57,102.57
6320,1,102.31,102.31
9550,1,102.29,102.29
4750,1,102.29,102.29
2654,1,102.18,102.18
7985,1,102.11,102.11
9785,1,101.98,101.98
5780,2,101.72,50.86
5485,1,101.66999999999999,101.67
5193,1,101.52,101.52
3478,1,101.51,101.51
1761,1,101.38,101.38
5394,1,101.1,101.1
9897,1,100.73,100.73
7046,1,100.68,100.68
5670,1,100.57,100.57
5217,1,100.49,100.49
2822,1,100.48,100.48
7050,1,100.43,100.43
7082,1,100.02,100.02
4781,2,100.0,50.0
1868,1,99.52,99.52
3146,1,99.39,99.39
9716,1,99.33,99.33
6192,1,99.17,99.17
4343,1,98.85,98.85
3597,1,98.79,98.79
8411,1,98.72,98.72
2055,1,98.26,98.26
3247,1,98.16,98.16
7971,1,98.02,98.02
8051,1,97.96,97.96
6956,2,97.42,48.71
3031,1,97.36,97.36
6375,1,96.98,96.98
4900,1,96.95,96.95
4037,1,96.04,96.04
3709,1,96.0,96.0
4263,1,95.73,95.73
4546,1,95.36,95.36
7943,1,95.18,95.18
2042,1,94.93,94.93
6580,1,94.82,94.82
1497,1,94.76,94.76
6715,1,94.65,94.65
2409,1,94.33,94.33
3647,1,94.3,94.3
4944,1,93.96,93.96
2886,1,93.71,93.71
5979,1,93.32,93.32
2106,1,93.29,93.29
8337,1,93.27,93.27
8626,1,93.08,93.08
4422,1,93.02,93.02
6998,1,92.72,92.72
8094,1,92.63,92.63
7276,1,92.58,92.58
3388,1,92.54,92.54
1893,1,91.92,91.92
5581,1,91.82,91.82
6862,1,91.42,91.42
8986,1,91.38,91.38
7704,1,91.33,91.33
6916,1,91.16,91.16
6509,1,91.16,91.16
7836,1,90.93,90.93
9371,1,90.82,90.82
2596,1,90.54,90.54
5231,1,90.24,90.24
9342,1,90.13,90.13
7144,1,90.09,90.09
2932,1,89.68,89.68
1883,1,89.43,89.43
7733,1,89.27,89.27
7433,1,89.24,89.24
8636,1,89.14,89.14
9697,2,88.32,44.16
9580,1,87.36,87.36
6021,1,87.1,87.1
2956,1,87.07,87.07
8054,1,87.0,87.0
1697,1,86.88,86.88
1002,1,86.7,86.7
3734,1,86.53,86.53
1245,1,86.24,86.24
9435,1,86.15,86.15
8091,1,85.95,85.95
1099,1,85.95,85.95
8436,1,85.6,85.6
5044,1,85.01,85.01
7407,1,84.99,84.99
2474,1,84.67,84.67
4365,1,84.64,84.64
8656,1,84.28,84.28
7332,1,84.21,84.21
2089,1,83.94,83.94
1439,1,83.83,83.83
4160,1,83.81,83.81
1975,1,82.29,82.29
6915,1,81.85,81.85
1015,1,81.6,81.6
1188,1,81.51,81.51
5839,1,81.34,81.34
5420,1,80.95,80.95
7228,1,80.48,80.48
6976,1,80.41,80.41
5410,1,80.28,80.28
3885,1,80.25,80.25
5060,1,80.23,80.23
8767,1,80.16,80.16
5994,1,80.16,80.16
9855,1,79.94,79.94
3865,1,79.69,79.69
7113,1,79.43,79.43
2367,1,79.39,79.39
2693,1,79.25,79.25
8602,1,79.2,79.2
7431,1,79.13,79.13
2673,1,79.06,79.06
1261,1,79.0,79.0
5439,1,78.77,78.77
9383,1,78.61,78.61
7265,1,78.51,78.51
9568,1,78.12,78.12
3662,1,77.58,77.58
2775,1,77.33,77.33
6298,1,77.01,77.01
7365,1,76.64,76.64
7674,1,76.5,76.5
6614,1,76.02,76.02
4820,1,75.77,75.77
5501,1,75.54,75.54
1504,1,75.32,75.32
6674,1,75.18,75.18
8952,1,75.09,75.09
4153,1,75.08,75.08
2978,1,74.89,74.89
7129,1,74.69,74.69
2811,1,74.59,74.59
3293,1,73.68,73.68
8584,1,73.42,73.42
2609,1,73.24,73.24
5344,1,73.12,73.12
7471,1,72.9,72.9
6508,1,72.79,72.79
6623,1,72.46,72.46
9941,1,72.35,72.35
2047,1,72.2,72.2
9424,1,72.09,72.09
5222,1,71.95,71.95
5096,1,71.93,71.93
9302,1,71.35,71.35
8090,1,71.14,71.14
7191,1,71.03,71.03
9226,1,70.98,70.98
7002,1,70.89,70.89
1739,1,70.87,70.87
6524,1,70.64,70.64
6058,1,70.36,70.36
8149,1,70.09,70.09
5290,1,69.96,69.96
2608,1,69.9,69.9
7199,1,69.84,69.84
9001,1,69.74,69.74
2711,1,69.4,69.4
2124,1,68.7,68.7
8155,1,68.59,68.59
3607,1,68.31,68.31
8113,1,68.17,68.17
7711,1,68.17,68.17
9053,1,68.07,68.07
3809,1,67.96,67.96
8130,1,67.08,67.08
2125,1,66.94,66.94
2036,1,66.93,66.93
1991,1,66.56,66.56
9037,1,65.83,65.83
9049,1,65.82,65.82
4167,1,65.79,65.79
2955,1,65.77,65.77
3994,1,65.76,65.76
5216,1,65.55,65.55
5131,1,65.34,65.34
4030,1,65.0,65.0
6416,1,64.82,64.82
7200,1,64.75,64.75
4411,1,64.64,64.64
3220,1,64.59,64.59
7316,1,64.22,64.22
6404,1,64.0,64.0
6138,1,63.71,63.71
2195,1,63.39,63.39
2592,1,63.38,63.38
2251,1,63.35,63.35
6054,1,63.31,63.31
1351,1,63.17,63.17
8477,1,63.04,63.04
3746,1,62.95,62.95
6109,1,62.91,62.91
1036,1,62.85,62.85
1608,1,62.34,62.34
2625,1,62.25,62.25
5398,1,61.95,61.95
3514,1,61.86,61.86
2478,1,61.75,61.75
3325,1,61.63,61.63
2835,1,61.11,61.11
8786,1,60.86,60.86
1786,1,60.81,60.81
6022,1,60.65,60.65
4001,1,60.6,60.6
2049,1,60.32,60.32
3217,1,60.3,60.3
8787,1,59.89,59.89
6120,1,59.46,59.46
1849,1,59.4,59.4
9455,1,59.34,59.34
1834,1,59.27,59.27
1959,1,59.25,59.25
5918,1,59.22,59.22
5113,1,59.03,59.03
3105,1,59.01,59.01
7360,1,58.39,58.39
5183,1,58.35,58.35
4994,1,58.29,58.29
9308,1,58.24,58.24
5390,1,57.73,57.73
3274,1,57.6,57.6
4456,1,57.31,57.31
7767,1,57.28,57.28
2500,1,57.05,57.05
1320,1,56.72,56.72
8839,1,56.53,56.53
2774,1,56.49,56.49
7700,1,56.4,56.4
6464,1,56.4,56.4
9306,1,55.76,55.76
9684,1,55.63,55.63
6693,1,55.53,55.53
2930,1,55.02,55.02
9918,1,54.46,54.46
6063,1,54.32,54.32
5650,1,53.56,53.56
1763,1,53.56,53.56
8329,1,53.32,53.32
9144,1,53.06,53.06
2646,1,52.99,52.99
3879,1,52.78,52.78
8735,1,52.35,52.35
1837,1,52.13,52.13
7995,2,52.11,26.06
9036,1,51.88,51.88
7091,1,51.17,51.17
8965,2,50.96,25.48
5396,1,50.45,50.45
5528,1,50.12,50.12
1313,1,49.75,49.75
6111,1,49.73,49.73
2756,1,49.55,49.55
4720,1,49.36,49.36
2696,2,49.21,24.61
1965,1,48.76,48.76
7698,1,48.61,48.61
5931,1,48.34,48.34
4997,1,47.91,47.91
6974,1,47.78,47.78
5602,1,47.28,47.28
4916,1,47.08,47.08
2468,1,46.99,46.99
5857,1,46.86,46.86
6002,1,46.56,46.56
4496,1,46.37,46.37
4565,1,46.36,46.36
9621,1,46.35,46.35
2088,1,45.92,45.92
6745,1,45.89,45.89
2707,1,45.8,45.8
8700,1,45.75,45.75
3488,1,45.24,45.24
1092,1,45.09,45.09
6237,1,44.91,44.91
7953,1,44.81,44.81
2793,1,44.35,44.35
9506,1,44.31,44.31
1057,1,44.01,44.01
6185,1,43.94,43.94
5859,1,43.92,43.92
4609,1,43.82,43.82
3658,1,43.46,43.46
8930,1,43.42,43.42
4622,1,43.39,43.39
6341,1,43.18,43.18
9817,1,42.77,42.77
3498,1,42.77,42.77
4799,1,42.65,42.65
8089,1,42.6,42.6
6292,1,41.41,41.41
1095,1,41.25,41.25
2963,1,41.23,41.23
6440,1,41.14,41.14
1004,1,40.72,40.72
2334,1,40.6,40.6
2070,1,40.52,40.52
7657,1,40.34,40.34
4015,1,40.2,40.2
9773,1,40.16,40.16
6800,1,40.09,40.09
9991,1,39.8,39.8
1933,1,39.76,39.76
5375,1,39.73,39.73
9000,1,39.65,39.65
3206,1,39.65,39.65
9087,1,39.480000000000004,39.48
4075,1,39.45,39.45
9107,1,39.21,39.21
7298,1,39.13,39.13
2615,1,38.24,38.24
3257,1,37.39,37.39
4033,1,37.12,37.12
9751,1,36.83,36.83
6765,1,36.6,36.6
8287,1,36.25,36.25
1238,1,36.23,36.23
3785,1,36.11,36.11
8165,1,35.96,35.96
9080,1,35.56,35.56
2953,1,35.02,35.02
7291,1,35.0,35.0
7765,1,34.58,34.58
1714,1,34.39,34.39
6482,1,33.66,33.66
2213,1,33.38,33.38
8840,1,33.06,33.06
9870,1,32.99,32.99
9277,1,32.95,32.95
9960,1,32.8,32.8
2781,1,32.27,32.27
3894,1,32.25,32.25
7726,1,32.21,32.21
7660,1,31.98,31.98
5364,1,31.52,31.52
8507,1,31.5,31.5
1043,1,31.4,31.4
3814,1,31.29,31.29
1126,1,30.88,30.88
6907,1,30.86,30.86
7755,1,30.73,30.73
2143,1,30.63,30.63
8763,1,30.11,30.11
2960,1,29.84,29.84
5399,1,29.11,29.11
2048,1,28.76,28.76
8132,1,28.63,28.63
8012,1,28.55,28.55
2447,1,28.19,28.19
9710,1,27.98,27.98
8311,1,27.84,27.84
7912,1,27.77,27.77
4444,1,27.33,27.33
3299,1,27.01,27.01
5040,1,26.73,26.73
1151,1,26.6,26.6
7518,1,25.66,25.66
7672,1,25.32,25.32
8121,1,24.94,24.94
4869,1,24.64,24.64
9142,1,24.63,24.63
6282,1,24.56,24.56
3743,1,24.29,24.29
7858,1,24.25,24.25
1001,1,23.96,23.96
8406,1,23.74,23.74
4888,1,23.56,23.56
3883,1,22.4,22.4
6285,1,22.27,22.27
4762,1,22.23,22.23
9622,1,22.1,22.1
7637,1,22.09,22.09
2867,1,22.04,22.04
6774,1,21.8,21.8
5357,1,21.77,21.77
6918,1,21.7,21.7
5150,1,21.67,21.67
7639,1,21.28,21.28
1988,1,21.11,21.11
1297,1,21.1,21.1
7440,1,21.08,21.08
8416,1,20.77,20.77
9798,1,20.37,20.37
7499,1,20.31,20.31
2395,1,20.16,20.16
6512,1,20.13,20.13
2302,1,19.76,19.76
7742,1,19.72,19.72
8533,1,19.47,19.47
6913,1,18.9,18.9
6043,1,18.82,18.82
8489,1,18.66,18.66
2438,1,18.14,18.14
2986,1,17.68,17.68
8310,1,17.13,17.13
4651,1,17.03,17.03
6384,1,16.53,16.53
9350,1,16.41,16.41
7141,1,16.32,16.32
1542,1,15.92,15.92
1470,1,15.67,15.67
3159,1,15.59,15.59
9748,1,15.44,15.44
1811,1,15.4,15.4
2905,1,15.17,15.17
4292,1,14.93,14.93
3355,1,14.89,14.89
1610,1,14.85,14.85
6156,1,14.83,14.83
6311,1,14.12,14.12
7774,1,14.02,14.02
3112,1,13.94,13.94
9386,1,13.84,13.84
7604,1,12.75,12.75
1494,1,12.71,12.71
2937,1,12.3,12.3
7694,1,12.28,12.28
6922,1,12.04,12.04
5995,1,11.92,11.92
1145,1,11.92,11.92
4390,1,11.69,11.69
3676,1,11.69,11.69
1019,1,11.48,11.48
4522,1,11.32,11.32
8864,1,11.21,11.21
1710,1,10.97,10.97
2041,1,10.9,10.9
8110,1,10.84,10.84
1303,1,10.75,10.75
1266,1,10.6,10.6
9225,1,10.51,10.51
3765,1,10.38,10.38
3492,1,10.33,10.33
2285,1,9.86,9.86
9745,1,9.79,9.79
3987,1,9.27,9.27
4827,1,9.06,9.06
3434,1,8.92,8.92
6345,1,8.8,8.8
3769,1,8.43,8.43
5911,1,8.2,8.2
4139,1,8.03,8.03
4255,1,7.97,7.97
2140,1,7.91,7.91
5067,1,7.72,7.72
8485,1,7.38,7.38
2523,1,7.24,7.24
3074,1,6.89,6.89
7134,1,6.81,6.81
2946,1,6.59,6.59
4759,1,6.39,6.39
5174,1,6.04,6.04
3370,1,5.78,5.78
2909,1,5.43,5.43
5483,1,5.29,5.29
1998,1,5.12,5.12
